Filenum,Location,RespID,Collector,Start_Date,End_Date,IP_Address,SCR1,SCR2,Q1,Q2,Q3,Q4_1,Q4_2,Q4_3,Q4_4,Q4_5,Q4_6,Q4_7,Q4_8,Q5_1,Q5_2,Q5_3,Q5_4,Q5_5,Q6_1,Q6_2,Q6_3,Q7,Q8,Q9,Q10a,Q10b,Q11,Q12_1,Q12_2,Q13,Q14,Q15_1,Q15_2,Q15_3,Q15_4,Q16,Q17,Q18,Q19,Q20_1,Q20_2,Q20_3,Q20_4,Q21a,Q21b,Q22,Q23,Q24,Q25,Q26a,Q26b,Q26c,Q26d,Q27,Q28
1,Parkside,114700476890.00000000000000,432987571.0000000000,1:09:13 PM,2:10:26 PM,172.56.29.42,1,1,7,1,3,2,2,1,1,1,3,1,3,5,3,9,3,9,1,5,5,2,3,6,1,,2,2,5,2,3,1,1,1,1,1,2,1989,6,1,2,1,2,1,2,2,1,1,5,1,1,1,,1,4
1,Parkside,114700499318.00000000000000,432987571.0000000000,1:09:19 PM,3:12:57 PM,172.56.216.71,1,1,5,1,2,1,1,1,1,1,2,1,2,3,5,5,5,3,2,1,5,2,1,3,1,,2,,1,1,5,2,2,2,2,2,2,1940,1,2,2,2,2,1,1,3,1,2,9,4,,,,2,4
1,Parkside,114700475355.00000000000000,432987571.0000000000,1:09:22 PM,2:03:48 PM,172.56.223.253,1,1,1,1,3,5,5,2,1,5,3,4,5,2,1,3,1,9,4,3,2,2,1,3,2,8,2,9,5,2,4,1,1,1,1,1,2,2004,2,2,1,2,2,1,2,2,1,3,4,2,2,2,,2,3
1,Parkside,114700483486.00000000000000,432987571.0000000000,1:09:39 PM,2:28:50 PM,172.56.219.50,1,1,6,1,1,1,1,1,1,1,1,1,1,4,4,4,1,4,2,4,5,2,1,6,1,,1,4,5,1,4,1,1,1,1,1,1,1964,1,2,2,2,2,1,3,1,1,1,4,1,1,2,,1,3
1,Parkside,114700478089.00000000000000,432987571.0000000000,1:10:28 PM,2:10:44 PM,172.56.28.75,1,1,6,1,3,2,2,2,2,4,2,2,2,5,5,5,5,5,2,2,4,1,1,3,2,5,2,2,3,1,7,2,2,1,2,1,1,1999,1,2,2,2,2,1,1,1,1,3,1,5,,,1,1,3
1,Parkside,114700477182.00000000000000,432987571.0000000000,1:10:42 PM,2:05:16 PM,172.56.216.186,1,1,2,2,3,4,3,2,3,3,3,3,2,2,4,2,2,3,3,5,3,2,2,6,1,,1,3,4,2,4,2,1,1,2,1,1,2006,2,2,2,2,2,1,2,2,2,4,9,2,1,2,,2,2
1,Parkside,114700475624.00000000000000,432987571.0000000000,1:12:55 PM,2:10:07 PM,172.56.218.192,1,1,9,1,1,2,2,2,2,3,2,2,2,5,5,5,3,4,2,2,2,1,1,3,1,,1,4,4,2,4,1,1,1,1,1,2,1964,2,2,1,1,2,2,,3,5,3,9,5,,,2,2,9
1,Parkside,114700483577.00000000000000,432987571.0000000000,2:05:22 PM,2:31:14 PM,172.56.217.144,1,1,3,1,3,1,3,1,3,3,4,2,2,2,4,4,3,9,5,3,5,1,3,6,1,,1,4,5,2,4,2,1,1,2,1,2,1976,1,1,2,2,2,1,2,4,1,4,2,5,,,2,1,2
1,Parkside,114700482429.00000000000000,432987571.0000000000,2:09:31 PM,2:24:41 PM,172.56.222.13,1,1,2,2,3,3,3,2,1,5,9,3,2,1,3,3,2,2,4,5,2,1,2,6,1,,1,1,5,1,5,2,2,1,2,1,2,1989,1,2,2,2,2,1,,4,1,3,4,2,1,1,,2,5
1,Parkside,114700484013.00000000000000,432987571.0000000000,2:10:51 PM,2:32:04 PM,172.56.28.125,1,1,8,1,3,4,4,1,1,4,3,3,3,2,4,2,2,9,5,3,3,1,2,5,1,,9,1,1,2,7,2,2,2,2,1,2,1965,1,2,1,,2,1,2,3,1,,1,3,1,,2,1,3
1,Parkside,114700489630.00000000000000,432987571.0000000000,2:11:05 PM,2:41:57 PM,172.56.29.204,1,1,6,1,3,5,3,2,2,5,4,3,1,4,3,3,2,4,4,3,4,2,2,6,2,1,1,9,5,2,4,1,1,1,1,1,2,2002,2,1,1,1,1,1,1,1,4,4,9,1,1,2,,2,4
1,Parkside,114700483952.00000000000000,432987571.0000000000,2:12:04 PM,2:33:22 PM,172.56.219.118,1,1,6,2,2,2,4,2,2,3,2,2,2,3,4,4,4,3,4,5,3,1,1,5,1,,1,4,4,2,3,1,9,1,1,1,2,1949,1,2,2,2,2,1,2,1,1,1,3,3,1,2,,1,2
1,Parkside,114700491887.00000000000000,432987571.0000000000,2:24:44 PM,2:47:59 PM,172.56.223.167,1,1,1,1,1,3,3,1,2,1,3,1,3,4,4,9,4,4,1,5,3,1,4,6,1,,9,2,3,1,5,2,2,2,2,1,2,1998,1,2,1,2,1,1,1,2,5,3,2,1,2,1,,2,4
1,Parkside,114700492582.00000000000000,432987571.0000000000,2:28:55 PM,2:55:03 PM,172.56.219.190,1,1,3,2,2,2,2,2,2,3,4,4,2,2,4,4,2,9,2,4,4,2,1,4,1,,1,4,5,1,3,0,9,2,2,1,2,1993,4,2,2,2,2,1,2,1,2,5,3,1,1,1,,1,3
1,Parkside,114700502821.00000000000000,432987571.0000000000,2:31:16 PM,3:21:45 PM,172.56.217.24,1,1,8,1,2,2,2,1,1,2,2,1,2,4,4,4,4,4,4,5,2,1,3,4,1,,1,4,5,2,4,1,1,1,2,1,1,1952,1,2,2,2,2,1,2,1,5,3,5,3,1,1,,2,4
1,Parkside,114700491981.00000000000000,432987571.0000000000,2:37:13 PM,2:55:29 PM,172.56.29.111,1,1,2,1,1,1,1,1,1,4,1,1,4,1,4,4,1,4,2,4,4,2,2,4,2,0,1,4,4,2,4,2,2,2,2,1,2,1989,2,2,2,2,2,2,,,3,2,4,1,1,1,,1,3
1,Parkside,114700492324.00000000000000,432987571.0000000000,2:37:39 PM,3:04:36 PM,172.56.218.96,1,1,4,1,1,1,1,1,1,1,2,1,1,5,5,5,2,4,3,5,9,2,1,5,2,8,1,5,5,2,1,1,1,1,1,1,2,1977,2,2,2,2,2,1,1,3,3,1,3,1,2,1,,2,3
1,Parkside,114700500345.00000000000000,432987571.0000000000,2:42:00 PM,3:49:54 PM,172.56.29.202,1,1,7,1,2,4,2,1,1,2,2,2,2,3,3,3,3,4,4,2,4,2,2,6,1,,1,5,5,1,7,9,1,1,9,2,2,1960,1,2,2,2,2,1,7,1,1,3,0,1,1,1,,9,3
1,Parkside,114700499469.00000000000000,432987571.0000000000,2:48:02 PM,3:09:18 PM,172.56.223.223,1,1,7,1,3,3,3,1,1,3,3,1,3,3,3,3,3,3,3,3,1,1,1,6,1,,3,3,1,1,1,2,1,2,2,1,2,1970,1,2,1,1,2,1,1,1,5,5,4,1,1,1,,2,4
1,Parkside,114700505803.00000000000000,432987571.0000000000,2:55:08 PM,3:44:17 PM,172.56.218.144,1,1,6,1,2,2,2,2,2,4,2,2,2,3,4,9,2,3,2,4,4,2,1,6,1,,1,9,4,1,3,1,9,1,2,1,2,1955,1,2,1,2,2,1,4,2,3,2,4,1,1,1,,2,5
1,Parkside,114700515376.00000000000000,432987571.0000000000,2:55:31 PM,4:05:12 PM,172.56.28.151,1,1,8,1,2,1,2,1,1,3,4,1,2,5,4,9,9,9,3,4,2,2,2,3,1,,1,3,5,2,3,9,9,2,2,1,2,1951,1,2,2,2,2,1,1,1,1,2,5,4,,,,1,4
1,Parkside,114700506935.00000000000000,432987571.0000000000,3:09:20 PM,3:53:31 PM,172.56.223.83,1,1,7,1,3,1,1,1,1,1,1,1,1,3,5,5,1,9,1,4,2,9,2,6,2,9,1,9,3,1,4,2,2,1,2,1,1,1973,2,2,2,1,2,2,,1,1,3,3,5,,,1,2,5
1,Parkside,114700507125.00000000000000,432987571.0000000000,3:21:46 PM,3:34:05 PM,172.56.217.110,1,1,8,1,1,2,3,2,4,2,2,2,2,3,5,2,5,5,3,3,2,1,2,4,1,,2,4,4,2,4,1,1,1,1,1,2,1967,1,1,2,2,2,1,3,1,2,4,3,5,,,1,1,4
1,Parkside,114700512789.00000000000000,432987571.0000000000,3:32:47 PM,3:56:08 PM,172.56.218.82,1,1,7,1,3,2,2,2,2,3,2,2,2,3,3,3,3,4,3,4,2,1,1,5,1,,1,2,4,2,7,1,1,1,1,1,2,1971,1,2,2,2,2,1,1,3,2,1,5,4,,,,2,4
1,Parkside,114700511128.00000000000000,432987571.0000000000,3:34:07 PM,3:46:32 PM,172.56.217.54,1,,7,1,1,2,2,2,2,2,2,2,2,3,3,2,3,4,4,4,2,2,1,4,1,,3,4,4,2,7,1,1,1,1,1,2,1927,1,2,2,2,2,2,,3,2,3,2,4,,,,1,3
1,Parkside,114710856378.00000000000000,433165734.0000000000,3:40:53 PM,3:50:06 PM,172.56.29.244,1,1,8,1,3,2,2,1,2,2,1,2,2,3,4,3,3,3,2,4,5,1,2,6,1,,2,5,5,1,8,1,1,1,1,1,2,1994,1,2,2,2,2,1,1,2,3,2,1,1,1,1,,1,2
2,Fairview,114705493218.00000000000000,433075231.0000000000,12:34:08 PM,2:36:18 PM,172.56.219.119,1,1,4,1,3,2,2,2,2,4,4,1,4,3,2,2,2,2,1,1,4,1,3,6,1,,2,3,5,1,3,2,1,1,1,1,2,1993,1,1,2,2,2,1,3,2,1,5,3,1,2,1,,2,4
2,Fairview,114705482226.00000000000000,433075231.0000000000,12:34:48 PM,2:09:20 PM,172.56.29.130,1,1,8,1,3,4,2,2,2,3,2,2,2,3,3,,2,5,4,3,4,2,2,6,1,,1,4,5,2,3,1,1,1,1,1,2,1948,1,2,2,2,2,1,3,2,1,3,3,2,1,1,,1,5
2,Fairview,114705493451.00000000000000,433075231.0000000000,12:36:06 PM,2:40:39 PM,172.56.223.152,1,1,8,1,3,4,2,1,2,2,5,1,1,2,2,2,1,3,3,3,3,1,2,6,1,,1,4,4,2,3,1,1,1,1,1,2,1974,2,2,2,1,2,1,1,2,5,3,4,1,2,1,,2,3
2,Fairview,114705480184.00000000000000,433075231.0000000000,12:36:19 PM,1:56:08 PM,172.56.223.12,1,1,7,1,1,1,1,1,1,1,1,1,1,4,4,4,2,9,2,5,1,2,1,4,1,,1,5,5,1,8,2,1,1,1,1,2,1966,1,2,2,2,2,1,3,3,2,3,4,1,1,1,,1,4
2,Fairview,114705491439.00000000000000,433075231.0000000000,12:36:32 PM,2:38:59 PM,172.56.222.205,1,1,6,1,3,4,3,3,1,4,5,3,2,2,2,1,2,3,5,4,4,2,1,2,1,,2,3,5,2,7,1,1,1,1,1,1,2000,1,2,2,2,2,1,2,4,5,3,3,2,1,1,,2,3
2,Fairview,114705479909.00000000000000,433075231.0000000000,12:37:09 PM,1:51:16 PM,172.56.28.132,1,1,8,1,3,2,2,2,2,2,2,2,2,4,4,4,4,4,2,2,2,1,3,4,1,,2,4,4,1,2,2,2,2,2,1,2,2001,1,1,1,1,1,1,1,3,3,3,1,1,1,1,,1,1
2,Fairview,114705489532.00000000000000,433075231.0000000000,12:37:45 PM,2:34:56 PM,172.56.28.32,1,1,7,1,2,9,4,2,2,4,2,2,2,,2,9,3,5,2,4,4,1,1,5,1,,2,2,4,1,3,2,2,2,2,1,2,1957,2,2,2,2,2,1,2,1,5,3,1,5,,,2,2,4
2,Fairview,114705477251.00000000000000,433075231.0000000000,12:38:09 PM,1:55:18 PM,172.56.219.238,1,1,5,1,3,1,1,1,1,1,1,1,1,1,1,1,1,1,4,2,4,1,2,4,1,,2,1,9,2,5,1,1,1,1,1,2,1983,2,2,1,2,2,1,1,2,1,3,2,1,1,2,,2,4
2,Fairview,114705482656.00000000000000,433075231.0000000000,1:32:41 PM,2:07:40 PM,172.56.219.129,,1,8,1,3,2,2,2,2,4,2,2,2,4,4,4,4,4,2,4,4,2,1,3,2,8,1,4,9,1,4,2,2,2,2,2,2,1940,1,2,2,2,2,1,1,2,5,3,0,4,,,,1,3
2,Fairview,114705484990.00000000000000,433075231.0000000000,1:51:25 PM,2:04:59 PM,172.56.28.236,1,1,7,1,1,1,1,1,1,1,1,1,1,4,4,4,0,4,2,2,2,1,3,3,1,,2,,5,1,8,2,,,,1,2,#NULL!,2,2,2,2,2,1,1,1,1,1,2,3,2,1,,1,1
2,Fairview,114705489748.00000000000000,433075231.0000000000,1:57:14 PM,2:23:00 PM,172.56.223.52,1,1,6,1,3,2,4,2,2,4,3,2,2,3,4,1,1,3,1,5,3,1,4,6,1,,2,5,5,1,5,1,1,1,1,1,1,1997,1,1,1,2,2,1,1,4,2,4,2,2,2,1,,1,4
2,Fairview,114705490411.00000000000000,433075231.0000000000,2:05:02 PM,2:33:29 PM,172.56.29.230,1,1,7,1,3,3,5,1,1,3,5,1,1,4,5,4,9,9,5,4,5,2,1,3,1,,1,4,5,2,3,2,2,1,1,1,2,1971,5,1,1,2,1,1,5,1,2,3,3,1,2,1,,2,4
2,Fairview,114705493879.00000000000000,433075231.0000000000,2:09:13 PM,2:35:19 PM,172.56.218.211,1,1,1,2,5,4,4,4,4,4,4,4,4,2,2,2,2,2,4,4,4,1,2,6,9,,3,2,2,2,4,2,2,2,2,1,2,1975,1,1,1,2,2,1,1,5,4,5,1,5,,,1,2,1
2,Fairview,114705490942.00000000000000,433075231.0000000000,2:09:25 PM,2:35:37 PM,172.56.28.254,,1,2,2,3,4,2,2,2,4,5,3,2,4,4,9,9,9,9,4,3,2,1,6,1,,9,9,5,2,4,1,1,1,1,1,2,1984,1,2,2,2,2,1,1,3,3,3,4,1,1,1,,9,4
2,Fairview,114705494831.00000000000000,433075231.0000000000,2:23:02 PM,2:29:42 PM,172.56.222.146,1,1,6,1,2,2,3,3,1,3,2,2,3,4,4,3,3,2,2,4,1,1,3,3,1,,,,,,,,,,,,,#NULL!,,,,,,,,,,,,,,,,,
2,Fairview,114705494768.00000000000000,433075231.0000000000,2:25:55 PM,3:10:03 PM,172.56.219.78,1,1,2,9,9,9,5,2,,5,2,2,9,2,4,9,1,4,2,4,3,1,1,4,1,,9,9,4,2,9,9,9,9,9,1,2,1948,1,2,,2,2,1,2,4,4,3,9,4,,,,1,9
2,Fairview,114705516328.00000000000000,433075231.0000000000,2:33:36 PM,3:45:00 PM,172.56.28.214,1,1,8,1,3,2,3,2,2,4,2,2,2,3,3,5,2,4,2,2,4,1,3,,1,,2,3,4,2,4,9,2,1,1,1,2,1984,1,2,2,2,2,1,1,2,2,1,2,1,1,1,,1,2
2,Fairview,114705517254.00000000000000,433075231.0000000000,2:35:41 PM,4:01:25 PM,172.56.219.211,1,1,8,2,4,4,4,2,4,4,2,4,2,2,2,2,2,2,4,2,4,1,2,6,1,,3,2,4,1,5,2,1,1,2,1,0,#NULL!,0,1,1,2,2,2,,4,4,5,2,5,,,1,2,5
2,Fairview,114705500589.00000000000000,433075231.0000000000,2:36:22 PM,2:49:03 PM,172.56.218.27,1,1,5,1,1,1,3,1,2,3,3,1,2,1,1,3,2,2,1,2,1,1,2,4,1,,1,5,5,1,3,1,2,1,2,1,2,2005,1,2,1,1,1,1,2,1,1,1,,2,1,1,,1,3
2,Fairview,114705500145.00000000000000,433075231.0000000000,2:39:00 PM,2:52:42 PM,172.56.223.41,1,1,5,1,5,4,4,4,4,2,9,4,4,2,9,2,2,9,5,5,4,2,3,6,1,,1,2,4,2,4,9,1,1,9,1,2,1978,1,2,1,2,2,1,3,2,1,4,6,1,1,1,,2,3
2,Fairview,114705499856.00000000000000,433075231.0000000000,2:41:45 PM,3:02:34 PM,172.56.222.99,1,1,6,1,2,2,2,2,2,2,2,2,2,4,3,4,1,2,2,4,4,1,4,6,1,,2,1,4,1,3,2,2,2,2,1,2,1971,2,2,1,2,1,2,,2,5,5,1,4,,,,2,4
2,Fairview,114705517598.00000000000000,433075231.0000000000,2:42:14 PM,3:59:03 PM,172.56.29.78,1,1,8,2,4,9,4,3,4,4,2,3,1,3,2,1,3,1,2,4,2,2,2,4,1,,3,2,2,2,4,1,2,9,1,1,1,2000,5,1,1,1,2,1,2,5,2,4,9,2,1,2,,1,2
2,Fairview,114705518524.00000000000000,433075231.0000000000,2:43:31 PM,3:53:59 PM,172.56.223.34,1,1,5,1,3,4,1,1,2,2,4,2,1,1,5,2,1,1,4,2,1,2,2,6,1,,1,4,5,2,3,1,1,1,1,1,1,1994,1,1,1,1,1,1,1,1,1,1,2,1,1,1,,2,4
2,Fairview,114705502001.00000000000000,433075231.0000000000,2:49:06 PM,2:51:56 PM,172.56.218.115,1,1,5,1,1,1,3,3,1,2,2,2,2,2,1,3,3,3,1,2,1,1,3,4,2,1,2,5,4,1,7,2,2,2,1,1,2,2000,1,1,2,2,1,1,2,1,2,2,2,2,1,1,,1,4
2,Fairview,114705504631.00000000000000,433075231.0000000000,2:57:28 PM,3:03:50 PM,172.56.218.43,1,1,3,,1,1,2,1,2,1,2,2,2,1,2,1,2,1,1,2,2,1,2,4,2,3,3,4,5,1,8,1,2,,2,1,2,1978,1,2,1,1,1,1,1,1,2,1,2,2,1,1,,1,1
2,Fairview,114705515597.00000000000000,433075231.0000000000,3:00:38 PM,3:40:05 PM,172.56.223.51,1,1,1,1,3,3,2,4,4,4,4,2,2,2,9,5,5,3,5,2,4,2,2,3,2,3,2,4,4,2,8,,,,,,,#NULL!,,,,,,,,,,,,,,,,,
2,Fairview,114705507255.00000000000000,433075231.0000000000,3:03:53 PM,3:19:27 PM,172.56.218.43,1,1,5,1,3,3,3,1,3,3,3,1,1,3,3,3,3,3,1,4,4,1,1,6,1,,1,3,5,1,4,9,1,9,1,1,1,1982,2,2,2,2,2,1,1,1,1,1,2,1,1,1,,2,1
2,Fairview,114705517879.00000000000000,433075231.0000000000,3:38:01 PM,4:05:05 PM,172.56.218.100,1,1,6,1,2,2,2,2,2,2,2,2,2,4,4,4,4,4,3,4,3,2,2,4,1,,1,4,3,1,5,9,9,9,9,1,1,1969,1,2,2,2,2,1,1,1,1,9,,1,1,2,,1,3
2,Fairview,114705518514.00000000000000,433075231.0000000000,3:41:04 PM,3:49:53 PM,172.56.223.57,1,1,7,1,3,2,5,2,5,2,2,2,2,1,3,4,1,4,1,4,1,1,2,6,1,,1,4,4,2,5,1,1,1,1,1,1,1993,1,2,2,2,2,2,,3,1,5,6,1,1,1,,2,3
2,Fairview,114705522498.00000000000000,433075231.0000000000,3:54:02 PM,4:10:54 PM,172.56.222.112,1,1,6,2,3,3,4,2,3,3,2,2,2,1,1,3,1,1,4,3,4,2,1,6,1,,1,2,5,2,3,1,1,2,1,1,2,1994,1,2,1,2,2,1,4,2,2,3,5,1,1,1,,2,4
3,Parkside,118709776946.00000000000000,458092709.0000000000,11:58:34 AM,1:42:42 PM,172.56.223.23,1,1,6,1,3,3,3,3,3,3,3,3,3,3,2,3,2,9,2,4,4,1,1,6,1,,1,2,4,2,1,1,1,1,1,1,2,1998,2,2,2,2,2,1,2,3,2,2,3,1,1,1,,2,3
3,Parkside,118709828231.00000000000000,458092709.0000000000,11:59:14 AM,3:25:04 PM,172.56.222.103,1,1,2,1,2,2,2,2,2,2,4,2,2,4,4,9,4,9,4,4,4,2,3,6,2,0,1,4,4,2,3,1,1,1,1,1,1,1982,2,2,2,2,2,2,,1,2,2,9,2,1,2,,2,3
3,Parkside,118709775052.00000000000000,458092709.0000000000,11:59:40 AM,1:39:21 PM,172.56.218.142,1,1,7,1,4,4,4,2,1,4,4,4,4,2,4,3,1,4,5,2,2,2,3,6,1,,2,4,5,2,8,9,9,2,2,1,2,1941,4,2,1,2,2,1,5,4,3,3,1,4,,,,1,5
3,Parkside,118709774650.00000000000000,458092709.0000000000,12:00:47 PM,1:34:39 PM,172.56.223.110,1,1,2,1,3,4,1,1,4,4,4,1,1,4,4,4,4,4,4,4,4,2,1,6,1,,2,5,5,2,4,2,1,2,1,1,2,1988,1,1,2,2,1,1,1,1,1,5,1,1,2,2,,2,8
3,Parkside,118709778609.00000000000000,458092709.0000000000,12:01:14 PM,1:38:55 PM,172.56.28.126,1,1,7,1,5,3,3,3,3,3,3,3,3,3,3,3,3,,3,3,2,1,3,4,1,,1,3,3,1,7,1,1,1,1,1,2,1965,1,2,2,2,2,1,1,4,3,3,5,2,2,1,,1,5
3,Parkside,118709808319.00000000000000,458092709.0000000000,12:02:52 PM,2:43:31 PM,172.56.223.190,1,1,7,1,5,4,4,2,2,2,2,2,2,,3,3,3,4,4,2,4,1,2,6,1,,3,2,4,2,1,1,2,1,1,1,2,1992,1,1,1,1,2,1,3,3,1,3,5,1,1,1,,2,5
3,Parkside,118709778251.00000000000000,458092709.0000000000,1:23:38 PM,1:46:33 PM,172.56.220.9,1,1,2,2,3,4,3,3,4,4,2,4,2,5,9,3,2,3,3,2,4,1,1,6,1,,2,9,3,2,3,2,1,2,2,1,1,1960,2,2,2,2,2,1,1,2,4,4,9,4,,,,1,9
3,Parkside,118709790862.00000000000000,458092709.0000000000,1:38:57 PM,2:03:15 PM,172.56.29.106,1,1,7,1,3,2,2,2,2,2,2,2,2,4,4,4,4,4,3,3,3,1,3,6,1,,2,3,3,1,4,1,1,1,1,1,2,1986,1,2,2,2,2,1,1,3,2,3,4,2,1,2,,1,4
3,Parkside,118709781912.00000000000000,458092709.0000000000,1:38:58 PM,1:51:50 PM,172.56.222.222,1,1,3,1,3,4,2,1,1,3,2,1,1,2,2,2,2,2,3,4,4,2,3,6,1,,9,2,5,2,5,9,9,9,9,1,2,1986,2,2,2,2,2,1,1,4,5,4,6,1,1,2,,2,3
3,Parkside,118709783335.00000000000000,458092709.0000000000,1:42:00 PM,1:59:01 PM,172.56.223.120,1,1,7,1,3,4,4,4,3,4,4,4,3,2,2,9,2,2,5,1,5,1,1,1,1,,3,2,5,9,3,9,2,2,2,1,2,1973,1,1,1,2,2,1,1,2,5,5,1,2,1,1,,2,7
3,Parkside,118709803655.00000000000000,458092709.0000000000,1:46:26 PM,2:40:18 PM,172.56.219.148,1,1,6,1,3,4,4,2,1,2,3,2,3,4,3,9,3,9,5,5,5,2,2,1,1,,2,4,5,2,7,1,1,1,1,1,2,1970,1,2,2,2,2,1,5,1,2,1,6,1,2,1,,1,4
3,Parkside,118709796157.00000000000000,458092709.0000000000,1:46:59 PM,2:20:56 PM,172.56.221.31,1,1,7,1,3,2,2,3,3,4,3,3,2,3,1,2,3,3,2,4,4,2,2,5,1,,1,2,4,2,4,1,2,2,1,1,2,1978,2,1,2,1,2,1,1,2,5,3,3,2,1,2,,1,3
3,Parkside,118709790573.00000000000000,458092709.0000000000,1:57:13 PM,2:07:56 PM,172.56.222.147,1,1,2,1,4,5,2,2,2,2,2,2,2,3,4,3,1,9,5,4,4,2,2,6,1,,1,1,5,2,5,1,1,1,1,1,2,1992,1,2,1,2,2,1,2,3,2,1,4,1,1,1,,2,3
3,Parkside,118709791864.00000000000000,458092709.0000000000,1:58:30 PM,2:28:16 PM,172.56.222.6,1,1,2,1,3,2,9,2,9,9,2,3,5,2,4,3,9,9,3,4,2,2,1,4,1,,9,4,4,2,4,9,9,9,2,1,2,1915,,2,1,2,2,1,1,2,5,5,9,4,,,,9,4
3,Parkside,118709799241.00000000000000,458092709.0000000000,2:03:17 PM,2:19:07 PM,172.56.28.154,1,1,7,1,1,2,2,2,2,2,2,2,2,3,3,3,3,3,3,3,3,1,2,3,2,8,1,3,3,1,1,1,1,1,1,1,2,1971,2,2,2,2,2,1,1,3,5,3,5,4,,,,1,4
3,Parkside,118709831361.00000000000000,458092709.0000000000,2:19:17 PM,3:15:41 PM,172.56.29.52,1,1,7,1,3,2,2,2,2,2,2,2,2,2,2,2,2,2,2,2,2,2,2,3,2,8,1,4,4,1,8,1,1,1,1,1,2,1977,2,2,2,2,2,1,1,1,3,3,2,2,2,1,,1,3
3,Parkside,118709813920.00000000000000,458092709.0000000000,2:36:45 PM,2:59:58 PM,172.56.222.112,1,1,7,1,3,2,1,1,1,1,2,1,1,3,4,5,4,4,2,1,4,1,1,6,1,,1,5,5,1,1,1,1,2,2,1,2,1979,1,1,2,2,2,1,1,3,5,5,1,5,,,1,1,3
3,Parkside,118709827336.00000000000000,458092709.0000000000,2:40:22 PM,3:20:34 PM,172.56.218.148,1,1,7,1,3,2,2,2,2,3,4,2,2,2,2,2,3,9,2,2,2,2,1,6,2,5,2,2,4,2,3,1,1,1,1,1,2,1991,1,2,2,2,2,1,2,4,3,3,9,1,1,1,,2,3
3,Parkside,118709820024.00000000000000,458092709.0000000000,2:49:56 PM,3:12:52 PM,172.56.223.132,1,1,7,1,0,1,2,2,2,2,2,9,1,2,2,2,2,2,4,4,4,2,2,6,2,0,3,0,0,2,9,9,9,9,9,1,1,1965,1,2,2,2,2,1,1,5,4,3,2,3,0,,,9,5
4,Parkside,118714931202.00000000000000,458178504.0000000000,11:57:04 AM,2:26:19 PM,172.56.221.63,1,1,2,1,3,5,2,1,2,2,2,2,1,3,2,3,1,3,5,4,4,2,1,6,1,,2,1,4,2,3,1,1,2,2,1,1,1979,5,2,2,2,2,1,1,3,3,2,3,1,1,2,,1,2
4,Parkside,118714960900.00000000000000,458178504.0000000000,11:57:28 AM,3:44:08 PM,172.56.222.177,1,1,8,1,2,2,2,1,2,2,2,2,1,5,3,3,1,9,4,3,3,2,1,4,1,,1,4,4,2,8,9,1,2,2,9,1,1940,1,2,2,2,2,1,1,1,5,3,0,4,,,,9,0
4,Parkside,118714908711.00000000000000,458178504.0000000000,11:57:46 AM,1:33:14 PM,172.56.28.252,1,1,5,1,3,3,2,1,1,5,3,2,2,1,3,4,1,3,5,9,4,0,1,4,1,,3,2,9,2,3,1,1,,1,1,1,2005,1,2,1,2,2,1,1,1,1,2,2,1,1,2,,2,3
4,Parkside,118714933288.00000000000000,458178504.0000000000,11:59:10 AM,2:43:36 PM,172.56.222.203,1,1,8,2,4,2,9,2,2,2,3,2,2,9,3,9,9,4,1,5,1,2,2,5,1,,2,2,4,2,4,1,1,1,1,1,2,1969,1,2,2,1,2,1,1,2,5,3,3,1,1,1,,1,4
4,Parkside,118714908332.00000000000000,458178504.0000000000,12:00:15 PM,1:36:58 PM,172.56.219.164,1,,6,1,3,4,4,2,2,4,2,2,,2,2,2,2,2,1,3,5,1,1,5,1,,3,2,5,2,1,1,1,1,1,1,2,1981,1,2,1,2,1,1,1,2,2,1,1,5,,,1,2,3
4,Parkside,118714914740.00000000000000,458178504.0000000000,12:08:54 PM,1:48:29 PM,172.56.217.23,1,1,8,1,3,1,4,,2,2,2,2,2,3,4,3,9,4,2,2,2,2,1,5,1,,2,9,4,2,4,2,2,2,2,1,1,2006,1,2,1,2,2,1,1,3,3,1,9,2,1,2,,9,3
4,Parkside,118714915312.00000000000000,458178504.0000000000,12:10:14 PM,1:50:11 PM,172.56.29.5,1,1,7,1,3,4,3,2,4,2,5,2,2,4,3,9,3,3,5,1,1,1,3,5,1,,2,3,5,1,4,1,1,1,1,1,2,1947,1,1,1,2,2,1,1,2,3,3,5,4,,,,2,4
4,Parkside,118714917804.00000000000000,458178504.0000000000,1:29:26 PM,2:03:41 PM,172.56.218.227,1,1,7,1,3,2,0,2,2,2,9,2,2,4,4,4,9,4,2,4,9,2,1,6,1,,1,4,4,2,3,1,2,1,2,1,2,1959,1,2,2,2,2,2,,3,3,4,4,1,1,1,,2,3
4,Parkside,118714914443.00000000000000,458178504.0000000000,1:33:18 PM,1:58:49 PM,172.56.28.164,1,1,5,9,3,3,1,4,2,1,5,3,4,2,2,2,2,2,4,4,4,2,2,5,2,8,9,1,1,2,5,0,0,0,0,1,2,1966,1,1,1,1,1,1,1,4,5,5,9,1,1,1,,2,0
4,Parkside,118714914474.00000000000000,458178504.0000000000,1:38:10 PM,1:49:57 PM,172.56.219.196,1,,1,2,9,5,0,9,5,9,9,9,1,1,1,1,1,9,9,3,4,2,9,6,1,,9,1,5,9,4,2,9,2,2,9,1,1969,4,2,9,9,9,1,1,9,3,1,3,1,2,1,,1,3
4,Parkside,118714926995.00000000000000,458178504.0000000000,1:48:38 PM,2:14:10 PM,172.56.217.159,1,1,8,1,2,2,2,2,2,2,2,2,2,3,3,2,4,9,2,4,4,2,1,4,1,,2,4,4,1,4,2,1,1,9,1,1,1977,1,2,1,2,2,1,1,3,3,1,6,1,1,1,,2,3
4,Parkside,118714925803.00000000000000,458178504.0000000000,1:50:01 PM,2:08:20 PM,172.56.219.144,1,1,6,1,2,2,1,1,1,1,1,1,1,3,5,3,5,4,2,4,4,1,1,3,2,8,1,3,4,1,1,1,1,1,1,1,2,1995,1,1,1,2,1,1,2,1,2,2,3,1,1,2,,1,3
4,Parkside,118714927349.00000000000000,458178504.0000000000,1:59:08 PM,2:23:16 PM,172.56.29.110,1,1,9,1,9,3,1,,0,1,9,9,1,4,1,1,1,1,1,2,1,2,1,4,1,,3,1,4,2,5,1,,1,9,1,2,2001,2,2,0,,1,1,1,3,2,2,7,1,2,0,,2,7
4,Parkside,118714929066.00000000000000,458178504.0000000000,2:03:44 PM,2:21:42 PM,172.56.219.17,1,1,8,2,4,4,2,2,2,4,4,4,2,2,3,3,2,2,5,2,2,2,1,6,2,5,3,1,1,2,3,2,1,1,1,1,2,1975,1,1,1,1,2,1,1,2,5,5,3,5,,,2,2,3
4,Parkside,118714929372.00000000000000,458178504.0000000000,2:09:27 PM,2:19:32 PM,172.56.219.144,1,1,7,1,2,4,2,5,2,5,3,3,5,3,4,3,9,9,5,3,4,0,2,6,1,,2,2,5,2,8,1,1,2,2,1,2,1970,1,2,2,2,2,1,2,1,2,5,2,5,,,2,2,4
4,Parkside,118714933210.00000000000000,458178504.0000000000,2:15:20 PM,2:29:53 PM,172.56.217.97,1,1,8,1,2,2,2,2,2,2,2,2,2,4,4,4,2,4,4,2,4,1,2,5,1,,1,1,5,2,4,1,2,2,1,1,2,1959,1,2,2,2,2,2,,3,5,1,0,5,,,2,2,2
4,Parkside,118714933569.00000000000000,458178504.0000000000,2:19:35 PM,2:33:31 PM,172.56.218.58,1,1,8,1,2,2,2,2,2,2,2,2,2,4,3,4,9,3,5,5,2,2,0,4,1,,1,4,4,2,1,9,9,9,9,1,2,1962,1,2,2,2,2,1,5,3,3,3,4,1,1,1,,1,3
4,Parkside,118714953742.00000000000000,458178504.0000000000,2:21:44 PM,3:20:55 PM,172.56.218.119,1,1,3,2,4,4,4,4,4,4,2,4,4,2,2,3,2,9,9,4,2,2,3,6,1,,1,2,4,2,4,2,2,2,2,2,2,1980,2,2,2,2,2,1,3,2,2,4,5,1,1,1,,2,4
4,Parkside,118714941842.00000000000000,458178504.0000000000,2:36:10 PM,2:57:03 PM,172.56.29.36,1,1,3,9,3,5,5,4,3,5,5,3,3,2,2,2,2,2,4,3,5,2,2,4,2,5,2,3,3,2,8,9,9,9,1,1,1,1964,2,2,2,2,2,1,1,2,3,2,3,1,1,2,,2,4
4,Parkside,118714945536.00000000000000,458178504.0000000000,2:52:10 PM,3:03:07 PM,172.56.218.0,1,1,7,1,2,5,5,5,4,4,5,5,5,3,3,3,3,2,3,2,3,2,0,,1,,2,2,3,2,8,2,1,2,2,1,1,1970,1,2,2,2,2,2,,1,2,4,2,4,,,,2,3
4,Parkside,118714946203.00000000000000,458178504.0000000000,2:54:16 PM,3:03:46 PM,172.56.217.139,1,1,8,1,3,4,3,3,2,4,3,3,2,4,3,1,2,9,4,4,4,1,1,6,1,,2,1,3,2,4,9,9,1,1,1,2,1989,1,2,2,2,2,1,2,2,3,3,2,2,1,1,,2,4
4,Parkside,118714950695.00000000000000,458178504.0000000000,3:05:16 PM,3:17:57 PM,172.56.219.78,1,1,8,2,3,3,5,3,2,5,4,3,2,3,3,3,4,3,2,4,3,2,1,3,0,,0,1,2,2,1,9,1,9,1,1,1,1991,1,2,1,9,2,1,1,1,1,3,0,1,1,1,,1,3
4,Parkside,118714952563.00000000000000,458178504.0000000000,3:10:02 PM,3:19:02 PM,172.56.216.23,1,1,8,1,3,4,2,4,4,4,4,2,4,1,2,3,1,3,4,2,1,1,1,9,1,,2,4,5,2,4,9,1,1,9,1,2,2005,1,2,9,2,2,1,1,4,3,3,9,9,,,,2,3
4,Parkside,118714955975.00000000000000,458178504.0000000000,3:18:02 PM,3:38:04 PM,172.56.219.176,1,1,5,2,4,4,5,2,3,4,4,3,3,2,3,3,2,2,4,2,4,1,1,6,1,,3,3,1,2,4,9,1,1,1,1,1,1969,5,2,1,1,2,1,2,2,3,3,5,1,1,1,,1,3
4,Parkside,118714961231.00000000000000,458178504.0000000000,3:19:04 PM,3:41:08 PM,172.56.216.207,1,1,8,1,2,3,2,2,2,4,2,2,2,3,3,1,9,4,1,4,1,2,2,5,1,,1,2,2,2,4,2,1,1,1,1,2,1967,1,2,2,,2,1,4,1,3,2,9,9,,,,2,4
4,Parkside,118714962134.00000000000000,458178504.0000000000,3:35:09 PM,3:50:41 PM,172.56.223.239,1,1,7,1,3,1,3,2,2,2,2,1,1,4,5,4,9,9,2,4,1,2,1,3,1,,1,2,5,2,4,9,2,2,2,1,2,1963,1,2,1,2,2,2,,4,5,5,0,5,,,1,2,3
5,Parkside,114711230470.00000000000000,433168385.0000000000,11:53:07 AM,2:20:34 PM,172.56.220.40,1,1,7,1,3,2,4,2,2,2,3,2,2,2,3,3,2,3,3,4,2,2,2,6,1,,2,4,5,2,3,2,1,2,2,1,2,1988,1,2,2,2,2,1,3,2,5,5,5,1,1,1,,2,3
5,Parkside,114711240182.00000000000000,433168385.0000000000,11:56:07 AM,2:37:53 PM,172.56.217.155,1,1,4,9,3,3,3,3,2,3,2,3,3,3,3,2,2,3,4,3,4,2,0,5,1,,3,2,4,9,4,9,1,1,2,1,2,1972,6,1,2,1,2,1,2,2,5,3,3,2,1,1,,2,3
5,Parkside,114711238830.00000000000000,433168385.0000000000,11:59:59 AM,2:28:39 PM,172.56.219.185,1,1,3,2,2,2,2,2,2,2,2,2,2,4,3,3,4,9,4,1,4,1,1,6,1,,1,4,5,1,6,1,1,1,2,1,1,1988,1,2,2,2,2,1,4,3,2,1,3,1,1,1,,1,3
5,Parkside,114711249494.00000000000000,433168385.0000000000,12:00:02 PM,3:04:20 PM,172.56.219.228,1,1,8,1,3,1,3,3,3,3,3,2,3,3,4,4,4,4,2,4,4,2,2,4,1,,1,4,5,2,4,2,1,2,1,1,2,1963,1,2,0,1,9,1,1,3,5,3,3,1,2,1,,1,2
5,Parkside,114711241676.00000000000000,433168385.0000000000,12:00:25 PM,2:38:16 PM,172.56.218.126,1,1,8,2,3,3,3,3,2,3,3,3,2,3,3,3,2,3,3,3,4,2,1,2,2,2,1,3,4,2,7,2,2,1,2,1,2,2003,1,2,2,2,2,1,1,2,3,3,9,2,1,2,,2,6
5,Parkside,114711240162.00000000000000,433168385.0000000000,12:53:19 PM,2:40:06 PM,172.56.222.163,1,1,8,1,4,1,2,1,1,1,2,1,1,4,5,4,4,5,2,2,5,2,3,3,1,,1,4,5,1,4,1,1,1,1,1,2,1953,1,2,2,2,2,1,3,1,2,1,3,4,,,,1,2
5,Parkside,114711241151.00000000000000,433168385.0000000000,2:20:35 PM,2:35:15 PM,172.56.221.228,1,1,6,1,2,1,1,3,1,5,3,3,2,3,3,3,3,4,3,3,3,1,2,6,1,,1,4,4,2,3,1,1,2,2,1,2,2000,2,2,2,2,2,1,1,2,3,2,3,1,1,2,,1,8
5,Parkside,114711240214.00000000000000,433168385.0000000000,2:22:14 PM,2:41:19 PM,172.56.216.229,1,1,8,1,2,2,2,2,1,2,2,1,2,4,3,4,3,4,2,4,4,2,1,2,1,,1,4,4,9,7,2,9,9,9,1,2,1942,1,2,2,2,2,2,,1,3,1,3,4,,,,9,3
5,Parkside,114711241240.00000000000000,433168385.0000000000,2:26:27 PM,2:38:24 PM,172.56.218.81,1,1,3,1,3,1,1,2,2,2,1,1,1,3,3,5,3,4,2,2,4,1,1,6,1,,2,5,4,1,4,2,2,2,2,9,2,1984,4,2,2,2,2,1,2,1,1,5,9,5,,,2,1,3
5,Parkside,114711243793.00000000000000,433168385.0000000000,2:33:55 PM,2:40:56 PM,172.56.219.87,1,1,8,1,1,2,1,2,2,2,2,2,2,3,4,3,2,4,4,1,4,2,1,3,1,,1,4,5,1,4,2,1,1,2,1,2,1953,1,2,2,2,2,1,4,1,3,3,5,5,,,1,1,2
5,Parkside,114711244869.00000000000000,433168385.0000000000,2:36:53 PM,2:58:07 PM,172.56.221.8,1,1,4,2,3,1,4,5,4,3,4,3,2,3,4,4,3,2,4,3,5,2,3,3,2,2,1,2,3,2,1,1,1,1,1,1,2,1995,1,2,2,2,2,1,3,2,1,2,3,2,1,1,,2,4
5,Parkside,114711251686.00000000000000,433168385.0000000000,2:38:07 PM,3:07:38 PM,172.56.217.21,1,1,2,2,3,3,3,3,3,9,9,9,9,1,3,1,9,9,3,4,4,1,2,4,1,,3,2,4,1,4,1,1,1,1,1,2,1969,1,2,2,2,2,1,1,2,2,3,9,2,1,1,,2,3
5,Parkside,114711247175.00000000000000,433168385.0000000000,2:38:24 PM,2:59:25 PM,172.56.219.232,1,1,8,1,4,3,4,,4,4,1,2,3,3,3,3,2,9,1,5,3,2,1,3,1,,1,9,9,9,3,9,9,9,1,1,1,1998,1,1,9,1,2,1,1,4,4,5,1,5,,,1,1,1
5,Parkside,114711249666.00000000000000,433168385.0000000000,2:40:58 PM,2:59:30 PM,172.56.222.177,1,1,6,2,2,2,3,3,3,4,2,2,3,3,4,2,9,4,2,4,4,2,2,4,1,,1,4,5,1,1,9,1,1,1,1,2,1994,1,2,1,2,2,1,2,2,3,3,3,1,1,1,,9,2
5,Parkside,114711248774.00000000000000,433168385.0000000000,2:42:54 PM,3:01:16 PM,172.56.217.101,1,1,7,1,2,1,1,1,1,2,1,1,1,3,3,5,2,2,3,3,4,1,2,1,2,1,1,5,4,2,8,1,1,1,2,1,1,1956,1,2,2,2,2,2,,2,2,2,1,5,,,1,1,2
5,Parkside,114711250242.00000000000000,433168385.0000000000,2:52:22 PM,2:59:14 PM,172.56.219.1,1,1,8,1,3,2,2,1,2,2,3,2,2,3,5,4,5,3,2,4,4,1,2,6,1,,1,4,4,1,4,2,2,1,9,1,2,1979,2,2,2,2,2,1,1,3,2,3,3,1,1,1,,2,3
5,Parkside,114711258793.00000000000000,433168385.0000000000,2:58:09 PM,3:24:21 PM,172.56.221.150,1,1,8,1,2,2,2,1,2,2,1,2,1,4,3,4,3,3,3,4,4,2,1,3,1,,1,3,5,2,3,1,1,1,2,1,2,1954,1,2,2,1,2,1,1,2,5,3,4,4,,,,1,4
5,Parkside,114711254392.00000000000000,433168385.0000000000,2:59:32 PM,3:15:21 PM,172.56.222.155,1,1,,1,3,4,4,1,1,1,2,1,2,3,5,1,1,9,4,2,1,2,2,5,1,,1,5,5,1,7,1,1,1,1,1,2,1967,1,2,2,2,2,1,4,2,3,3,3,1,2,1,,2,3
5,Parkside,114711266273.00000000000000,433168385.0000000000,2:59:33 PM,3:39:37 PM,172.56.219.254,1,1,6,2,3,3,3,3,3,3,3,3,3,3,3,3,3,3,3,3,3,2,3,4,9,,3,3,3,1,1,2,2,2,2,1,1,1977,1,2,2,2,2,1,1,3,2,3,5,2,1,1,,2,6
5,Parkside,114711253885.00000000000000,433168385.0000000000,3:01:27 PM,3:33:33 PM,172.56.216.239,1,1,7,1,2,3,3,3,1,4,5,3,4,3,2,5,2,9,5,5,4,2,2,2,1,,2,2,5,9,3,9,9,1,9,1,2,1957,1,2,2,2,2,2,,3,5,1,1,4,,,,2,2
5,Parkside,114711258133.00000000000000,433168385.0000000000,3:05:44 PM,3:29:04 PM,172.56.219.139,1,1,8,2,3,0,0,2,0,4,2,2,2,4,4,3,2,3,2,4,4,1,2,6,1,,2,4,4,2,4,1,1,2,2,1,2,1984,2,1,2,2,2,1,1,1,2,3,3,1,2,1,,1,2
5,Parkside,114711268507.00000000000000,433168385.0000000000,3:07:41 PM,3:55:56 PM,172.56.216.177,1,1,4,2,3,3,3,3,3,9,2,2,3,2,3,2,2,9,2,2,4,1,2,4,1,,2,2,4,1,8,9,1,9,9,1,2,1979,1,2,2,2,2,1,2,2,3,3,3,1,1,1,,2,5
5,Parkside,114711257078.00000000000000,433168385.0000000000,3:11:01 PM,3:19:25 PM,172.56.218.244,1,1,1,9,3,3,3,3,3,3,3,3,3,2,2,2,2,2,4,4,4,2,2,6,1,,1,1,1,1,3,2,2,2,2,1,2,#NULL!,1,2,9,2,2,1,1,2,2,2,5,1,1,1,,2,5
5,Parkside,114711262342.00000000000000,433168385.0000000000,3:19:28 PM,3:35:08 PM,172.56.218.68,1,1,8,1,2,2,4,2,1,5,9,1,1,1,4,9,1,1,2,4,5,1,1,3,1,,3,2,9,2,1,1,1,1,1,1,1,1977,5,2,1,1,1,1,2,1,2,3,2,2,2,1,,2,3
5,Parkside,114711267767.00000000000000,433168385.0000000000,3:25:23 PM,3:58:07 PM,172.56.221.118,1,1,8,1,3,2,4,2,2,4,9,1,5,3,3,2,4,1,5,4,3,2,4,4,1,,1,4,4,2,3,1,1,1,1,1,1,1950,1,2,2,2,2,1,2,2,3,2,4,4,,,,2,5
5,Parkside,114711267319.00000000000000,433168385.0000000000,3:35:16 PM,3:54:50 PM,172.56.219.56,1,1,4,2,4,5,5,5,5,5,5,5,9,2,2,2,2,2,5,3,5,1,2,3,2,3,3,5,5,2,7,9,9,9,9,1,2,1962,4,2,1,2,2,1,1,4,5,3,2,2,1,1,,2,6
5,Parkside,114711267250.00000000000000,433168385.0000000000,3:39:39 PM,3:42:27 PM,172.56.219.254,1,1,4,2,2,2,2,2,4,2,2,2,4,3,3,3,3,3,3,3,3,1,3,4,1,,1,2,2,1,8,2,2,2,2,1,2,1971,1,2,1,2,2,1,1,2,3,3,5,1,1,1,,2,6
5,Parkside,114711269583.00000000000000,433168385.0000000000,3:42:29 PM,3:51:10 PM,172.56.218.182,1,1,8,1,2,2,2,2,2,2,2,2,2,1,3,2,2,2,4,4,1,1,2,4,1,,2,2,5,1,4,2,2,2,2,1,1,1962,1,1,2,1,1,1,1,4,3,3,5,1,1,1,,1,6
5,Parkside,114711271325.00000000000000,433168385.0000000000,3:51:11 PM,4:06:09 PM,172.56.218.156,1,1,6,1,4,3,3,1,1,2,2,1,1,2,2,2,2,2,4,2,4,1,3,6,2,5,3,1,3,1,3,1,1,1,1,1,1,1988,1,1,2,1,2,1,1,2,3,3,9,1,1,1,,2,5
6,Faison Mews,114715768467.00000000000000,433250538.0000000000,3:12:42 PM,4:16:30 PM,172.56.219.164,1,1,7,2,3,4,4,4,4,4,9,2,2,4,2,9,4,4,2,2,2,1,1,4,1,,1,4,4,1,4,1,1,1,1,1,2,1955,1,1,1,1,2,1,5,2,5,4,3,4,,,,2,4
6,Faison Mews,114715769856.00000000000000,433250538.0000000000,3:13:30 PM,4:20:59 PM,172.56.222.96,1,1,7,2,3,1,4,1,1,5,5,2,1,2,5,9,2,3,1,1,3,2,1,3,1,,2,9,1,2,1,2,1,1,2,0,2,1934,1,2,2,2,2,1,1,1,5,3,9,4,,,,2,3
6,Faison Mews,114715768095.00000000000000,433250538.0000000000,3:14:38 PM,4:10:16 PM,172.56.220.103,1,1,4,1,3,4,4,4,4,3,9,4,4,5,5,5,5,5,5,5,5,1,1,3,1,,1,4,4,1,8,1,1,1,1,1,2,1950,1,2,2,2,2,1,5,1,2,1,2,4,,,,2,5
6,Faison Mews,114715774591.00000000000000,433250538.0000000000,3:16:02 PM,4:22:31 PM,172.56.222.44,1,1,8,2,2,2,3,1,1,9,2,1,1,2,1,9,2,9,4,3,5,1,1,4,1,,1,4,4,2,1,1,1,2,1,1,1,1957,1,2,2,1,2,1,1,1,5,2,2,4,,,,2,2
6,Faison Mews,114715775661.00000000000000,433250538.0000000000,3:17:18 PM,4:28:52 PM,172.56.217.199,1,1,8,1,4,3,3,3,3,4,4,3,2,2,3,2,2,3,5,2,3,1,1,3,1,,3,2,4,1,4,9,1,1,1,1,2,1955,1,9,1,1,2,1,2,3,5,3,1,4,,,,2,2
6,Faison Mews,114715773578.00000000000000,433250538.0000000000,3:18:50 PM,4:15:08 PM,172.56.216.89,1,1,6,1,3,3,3,3,3,9,3,3,3,2,2,2,2,2,3,4,2,2,3,6,1,,2,3,3,9,8,1,1,1,1,1,2,1965,2,2,2,9,2,1,1,1,3,3,3,1,1,9,,2,3
6,Faison Mews,114715780564.00000000000000,433250538.0000000000,3:27:00 PM,4:36:10 PM,172.56.219.228,1,1,7,2,4,3,4,4,4,2,4,2,2,2,2,3,2,3,3,4,4,1,1,5,1,,3,1,4,2,1,1,2,1,2,1,2,1948,6,2,1,2,2,1,4,4,3,2,2,4,,,,2,3
6,Faison Mews,114715778062.00000000000000,433250538.0000000000,3:38:49 PM,4:38:49 PM,172.56.29.249,1,1,7,2,3,5,4,3,2,4,4,4,3,3,4,2,1,3,2,2,2,1,2,3,1,,3,2,5,1,4,2,2,1,2,1,2,1948,1,2,2,2,2,1,1,1,2,2,2,4,,,,1,3
6,Faison Mews,114715774740.00000000000000,433250538.0000000000,3:47:41 PM,4:18:26 PM,172.56.222.123,1,1,3,1,2,2,2,2,2,4,2,2,2,5,4,4,1,5,2,2,2,2,3,3,1,,1,2,5,2,4,1,1,1,2,1,1,1955,1,2,2,2,2,1,1,2,3,1,9,5,,,2,2,2
6,Faison Mews,114715776614.00000000000000,433250538.0000000000,4:10:48 PM,4:26:40 PM,172.56.220.74,1,1,4,1,2,4,2,4,2,4,4,2,2,3,3,3,3,4,2,4,2,1,1,3,1,,1,9,4,2,1,2,2,2,2,2,2,1942,1,2,2,2,2,1,2,3,3,1,1,4,,,,2,1
6,Faison Mews,114715778010.00000000000000,433250538.0000000000,4:12:36 PM,4:33:38 PM,172.56.223.229,1,1,8,1,2,2,4,1,1,1,2,2,1,3,4,3,1,1,5,3,2,1,1,3,1,,1,2,5,9,3,1,2,2,9,1,2,1941,1,2,2,2,2,1,2,2,3,3,1,4,,,,1,2
6,Faison Mews,114715793976.00000000000000,433250538.0000000000,4:21:01 PM,4:47:02 PM,172.56.222.34,1,1,8,1,4,2,2,2,2,2,2,2,2,4,3,9,4,4,2,2,2,2,1,2,1,,9,4,1,2,4,2,2,2,2,1,2,1946,1,2,2,2,2,1,1,3,3,2,3,4,,,,2,7
6,Faison Mews,114715786938.00000000000000,433250538.0000000000,4:23:56 PM,4:35:39 PM,172.56.217.185,1,1,6,1,4,4,4,2,3,5,4,3,4,3,3,3,3,3,2,2,3,2,1,4,2,7,2,0,0,1,9,,,,,1,2,1987,1,0,2,1,1,1,1,5,3,3,3,5,,,2,1,5
6,Faison Mews,114715788293.00000000000000,433250538.0000000000,4:28:54 PM,4:41:31 PM,172.56.217.199,1,,7,1,4,4,4,2,4,3,4,4,4,3,2,3,2,3,4,4,4,2,1,3,1,,2,2,1,1,8,9,2,9,9,1,1,1959,1,2,1,2,1,1,1,2,3,3,3,1,1,1,,2,2
6,Faison Mews,114715788411.00000000000000,433250538.0000000000,4:29:14 PM,4:34:52 PM,172.56.223.94,1,1,8,2,2,2,2,2,9,2,1,2,2,9,1,3,2,2,2,9,1,1,3,5,,,,,,,,,,,,,,#NULL!,,,,,,,,,,,,,,,,,
6,Faison Mews,114715788394.00000000000000,433250538.0000000000,4:29:25 PM,4:37:45 PM,172.56.218.28,1,1,2,9,4,2,4,4,4,2,4,4,2,1,1,1,1,1,2,2,1,1,1,4,1,,3,1,1,1,3,2,2,2,2,1,1,1955,1,2,1,1,2,1,1,1,3,4,5,4,,,,2,5
6,Faison Mews,114715802205.00000000000000,433250538.0000000000,4:30:41 PM,5:13:31 PM,172.56.220.240,1,1,7,1,1,4,2,2,2,2,2,2,2,4,4,4,2,3,2,2,4,1,2,4,1,,1,2,4,2,4,2,1,2,2,2,1,1965,2,2,2,1,2,2,,2,4,4,2,5,,,2,1,2
6,Faison Mews,114715794051.00000000000000,433250538.0000000000,4:33:43 PM,4:56:52 PM,172.56.223.95,1,1,3,1,2,2,2,2,1,1,3,3,3,3,4,9,2,4,1,2,4,1,2,3,1,,1,4,4,2,3,1,1,1,9,1,1,1956,1,2,1,2,2,1,2,3,5,4,2,4,,,,1,3
6,Faison Mews,114715793369.00000000000000,433250538.0000000000,4:36:53 PM,4:47:48 PM,172.56.216.163,1,1,8,1,5,2,2,2,2,2,,2,2,3,4,2,2,3,2,2,2,1,2,3,1,,1,2,4,1,4,1,1,1,9,1,2,1965,1,2,2,2,2,1,2,2,3,3,4,5,,,0,2,5
6,Faison Mews,114715793302.00000000000000,433250538.0000000000,4:36:57 PM,4:39:47 PM,172.56.220.125,1,1,5,1,3,4,4,4,4,4,4,4,4,4,4,4,4,4,3,3,3,2,2,4,2,8,2,3,3,1,8,1,1,1,1,1,2,1963,1,9,9,9,9,1,1,2,3,3,4,4,,,,1,5
6,Faison Mews,114715813968.00000000000000,433250538.0000000000,4:37:49 PM,5:26:12 PM,172.56.218.96,1,1,7,1,2,2,2,4,2,2,2,5,2,2,4,1,2,1,9,1,2,2,2,3,1,,9,9,4,1,4,9,9,0,9,1,2,1955,1,1,2,2,2,1,1,3,5,3,2,4,,,,2,2
6,Faison Mews,114715796363.00000000000000,433250538.0000000000,4:39:49 PM,4:45:27 PM,172.56.220.125,1,1,6,1,3,3,3,3,3,3,3,3,3,3,3,3,3,3,4,4,4,1,3,4,1,,1,4,4,1,8,1,1,1,1,1,2,1953,1,2,2,2,2,1,1,2,2,3,5,3,2,1,,2,6
6,Faison Mews,114715798021.00000000000000,433250538.0000000000,4:45:24 PM,4:58:07 PM,172.56.223.159,1,1,8,1,2,2,2,2,2,2,3,2,2,3,3,3,2,4,2,2,2,1,2,3,9,,1,4,4,2,4,1,2,2,1,1,2,1956,1,2,1,2,2,2,,3,4,3,9,4,,,,9,3
6,Faison Mews,114715801164.00000000000000,433250538.0000000000,4:45:29 PM,4:53:42 PM,172.56.220.75,1,1,6,1,3,4,4,4,4,4,4,4,4,3,3,3,3,3,3,3,3,2,2,4,9,,2,3,3,1,1,2,2,2,2,1,1,1967,1,2,2,2,2,1,1,2,3,3,4,4,,,,2,6
6,Faison Mews,114715801640.00000000000000,433250538.0000000000,4:47:05 PM,5:03:16 PM,172.56.222.34,1,1,7,1,2,1,2,2,1,3,2,2,2,3,3,5,3,5,1,1,3,2,1,4,1,,1,2,5,2,4,2,1,1,9,1,2,1956,1,2,2,2,2,1,3,2,2,2,3,3,1,1,,1,2
6,Faison Mews,114715802503.00000000000000,433250538.0000000000,4:51:56 PM,5:04:10 PM,172.56.219.218,1,1,6,1,2,3,3,3,2,4,3,3,3,4,4,4,4,4,2,4,3,1,2,5,1,,2,4,5,1,3,1,1,1,1,1,2,1958,1,2,2,2,2,1,3,3,3,2,1,4,,,,1,3
6,Faison Mews,114715803300.00000000000000,433250538.0000000000,4:54:22 PM,5:18:48 PM,172.56.216.7,1,1,8,1,2,1,3,1,3,9,2,3,0,3,3,3,3,3,2,4,4,2,1,4,1,,1,1,4,1,3,1,1,1,1,1,2,1970,1,2,2,2,2,1,1,1,3,5,4,5,,,2,1,4
6,Faison Mews,114715805316.00000000000000,433250538.0000000000,4:58:11 PM,5:00:46 PM,172.56.220.75,1,1,5,1,3,3,3,3,3,3,3,3,3,4,4,4,4,4,4,4,4,1,3,5,1,,1,3,3,1,4,1,1,1,1,1,1,1960,1,2,2,2,2,1,1,1,2,3,5,4,,,,1,5
6,Faison Mews,114715831556.00000000000000,433250538.0000000000,4:58:15 PM,5:56:22 PM,172.56.222.199,1,1,8,1,1,2,2,2,2,2,2,2,2,5,5,5,5,5,4,2,1,1,3,4,1,,1,4,4,1,4,2,2,1,2,2,1,1964,1,2,2,2,2,2,,1,1,2,9,5,,,2,1,2
6,Faison Mews,114715815691.00000000000000,433250538.0000000000,5:17:28 PM,5:25:12 PM,172.56.217.157,1,1,6,2,3,4,4,3,4,4,4,4,3,,,,,,3,3,4,,2,4,1,,3,2,4,1,8,9,9,9,9,1,2,1969,1,2,2,2,2,1,1,2,3,3,4,2,1,1,,2,4
6,Faison Mews,114715832191.00000000000000,433250538.0000000000,5:26:45 PM,6:21:28 PM,172.56.218.84,1,1,7,1,3,2,2,2,2,2,2,2,2,4,4,4,3,3,2,2,2,1,1,5,1,,2,4,4,1,7,1,1,1,1,1,2,1945,1,9,2,2,2,1,1,2,5,2,2,4,,,,2,2
6,Faison Mews,114716247367.00000000000000,433250538.0000000000,2:13:22 PM,2:26:47 PM,172.56.216.192,1,1,8,1,3,3,3,3,2,3,9,3,9,3,3,2,3,4,4,4,4,2,2,3,1,,1,9,5,2,8,1,1,1,1,1,2,1963,1,2,2,2,2,1,2,1,2,1,2,2,1,1,,9,5
6,Faison Mews,114716251736.00000000000000,433250538.0000000000,2:27:02 PM,2:44:03 PM,172.56.216.30,1,1,2,1,2,2,2,2,2,3,2,2,2,3,2,4,2,9,3,4,4,1,3,6,1,,2,3,5,2,5,9,2,1,2,1,2,1989,1,2,2,2,2,1,4,3,2,3,9,5,,,2,1,5
7,Morgan Village,118720917779.00000000000000,458271005.0000000000,11:49:55 AM,2:29:59 PM,172.56.222.205,1,1,8,1,3,3,3,1,1,3,3,1,1,,4,4,2,3,3,4,4,2,2,2,2,5,2,5,4,2,5,1,1,1,1,1,2,2002,1,2,2,2,2,1,2,2,2,4,2,1,1,2,,2,2
7,Morgan Village,118720938916.00000000000000,458271005.0000000000,11:50:39 AM,3:23:27 PM,172.56.218.26,1,1,7,1,4,2,5,3,2,4,2,4,2,1,1,1,1,1,4,5,2,1,2,3,1,,2,3,4,1,4,1,1,1,9,1,2,1991,1,1,1,2,2,1,1,4,3,5,2,5,,,1,2,2
7,Morgan Village,118720918882.00000000000000,458271005.0000000000,11:51:09 AM,2:33:27 PM,172.56.222.42,1,1,8,1,4,2,3,2,2,3,3,2,2,4,4,4,4,4,1,5,2,2,2,2,1,,3,2,1,2,4,9,9,1,1,1,1,1985,5,1,2,1,1,1,3,5,5,3,2,1,1,2,,2,7
7,Morgan Village,118720906770.00000000000000,458271005.0000000000,11:51:48 AM,1:59:56 PM,172.56.28.11,1,1,5,1,4,3,2,3,2,3,3,3,4,2,2,2,2,2,5,1,5,1,3,6,1,,2,5,2,2,7,1,1,1,9,1,2,1979,1,2,2,2,1,1,4,4,3,3,3,5,,,1,1,1
7,Morgan Village,118720908761.00000000000000,458271005.0000000000,12:49:41 PM,2:15:06 PM,172.56.29.17,1,1,5,2,2,1,1,1,2,2,2,1,1,4,4,2,9,9,2,4,4,2,1,6,1,,1,4,4,2,5,1,1,2,1,1,2,1966,3,2,2,2,2,1,4,4,3,3,3,1,1,1,,2,4
7,Morgan Village,118720950990.00000000000000,458271005.0000000000,12:52:44 PM,3:58:17 PM,172.56.223.89,1,1,3,1,1,2,2,2,2,2,2,2,2,4,4,9,2,4,2,4,4,2,3,5,1,,1,4,4,2,5,1,1,1,1,1,2,1994,1,1,2,1,2,1,3,5,3,2,2,1,1,1,,2,2
7,Morgan Village,118720905454.00000000000000,458271005.0000000000,12:56:54 PM,2:10:44 PM,172.56.216.205,1,1,2,2,2,2,2,3,2,3,2,2,3,4,3,3,1,9,1,4,4,2,1,6,2,7,1,4,4,2,4,1,1,1,9,1,1,1986,2,2,2,2,2,1,2,1,1,1,3,1,1,1,,2,2
7,Morgan Village,118720905016.00000000000000,458271005.0000000000,12:57:19 PM,1:56:59 PM,172.56.217.103,1,1,8,1,3,2,2,2,2,2,2,2,2,3,5,5,5,5,2,2,2,2,4,6,9,,1,4,2,1,1,9,9,9,9,1,1,1965,0,2,1,2,2,1,1,2,3,2,5,1,1,1,,1,3
7,Morgan Village,118720913096.00000000000000,458271005.0000000000,12:58:03 PM,2:13:11 PM,172.56.222.100,1,1,6,1,3,5,5,5,4,5,4,5,5,2,2,3,9,9,5,4,5,2,2,3,2,1,9,9,4,2,4,9,9,9,2,2,2,2001,1,2,2,2,2,1,2,5,3,4,2,2,1,2,,2,3
7,Morgan Village,118720906448.00000000000000,458271005.0000000000,1:43:58 PM,2:01:47 PM,172.56.218.114,1,1,2,9,5,5,1,1,2,5,2,2,9,1,1,1,1,9,5,5,4,2,3,9,1,,2,2,5,1,8,1,1,2,1,1,1,1979,4,2,1,2,2,1,3,1,3,3,0,5,,,1,2,5
7,Morgan Village,118720908875.00000000000000,458271005.0000000000,1:58:14 PM,2:18:43 PM,172.56.217.71,1,1,7,1,2,2,2,2,2,2,2,2,2,4,4,4,4,4,,3,2,2,4,6,2,4,1,4,4,1,3,1,1,1,1,1,2,1979,4,2,2,2,2,1,1,4,3,3,4,2,1,1,,2,5
7,Morgan Village,118720917822.00000000000000,458271005.0000000000,1:59:58 PM,4:47:31 PM,172.56.219.38,1,1,8,1,3,4,4,2,4,4,9,4,4,2,3,3,2,2,2,5,3,1,2,6,2,4,3,1,3,2,4,2,1,1,1,1,2,1965,1,2,2,2,2,1,1,4,5,5,1,5,,,2,1,1
7,Morgan Village,118720921002.00000000000000,458271005.0000000000,2:01:57 PM,2:37:03 PM,172.56.219.232,1,1,7,2,4,4,4,4,4,5,4,4,2,4,3,4,1,3,2,4,4,1,2,5,2,5,2,2,2,2,4,2,1,2,2,1,1,1981,1,2,2,2,2,1,1,2,2,3,9,5,,,1,1,9
7,Morgan Village,118720914369.00000000000000,458271005.0000000000,2:10:46 PM,2:29:33 PM,172.56.216.83,1,1,8,1,4,5,3,1,1,3,2,2,2,2,3,1,4,1,5,2,2,2,2,4,1,,1,4,5,2,4,2,1,1,2,1,1,1996,1,2,2,1,2,1,2,3,3,5,2,1,1,2,,2,3
7,Morgan Village,118720917851.00000000000000,458271005.0000000000,2:19:18 PM,2:22:45 PM,172.56.222.100,1,1,4,2,3,3,3,3,3,3,3,3,3,4,4,4,4,4,3,3,3,1,3,4,1,,1,3,3,1,1,1,1,1,1,1,2,1962,1,2,2,2,2,1,1,2,2,3,5,2,2,1,,2,6
7,Morgan Village,118720932483.00000000000000,458271005.0000000000,2:23:04 PM,3:08:29 PM,172.56.216.59,1,1,6,1,3,4,4,2,4,3,4,2,4,3,3,3,2,3,2,2,1,1,2,5,2,8,1,9,3,1,4,1,1,1,1,1,2,1984,2,1,1,2,1,1,1,3,3,1,4,,1,1,,2,4
7,Morgan Village,118720943003.00000000000000,458271005.0000000000,2:28:37 PM,3:29:14 PM,172.56.222.100,1,1,4,1,2,3,3,3,3,3,3,3,3,3,3,3,3,3,4,4,4,1,2,3,1,,1,2,2,1,8,2,2,2,2,1,2,1973,2,2,2,2,2,1,1,2,2,2,2,2,1,1,,1,2
7,Morgan Village,118720928633.00000000000000,458271005.0000000000,2:31:55 PM,3:08:21 PM,172.56.222.55,1,1,7,1,4,4,4,2,5,4,4,4,4,1,2,1,1,1,5,4,5,2,1,4,1,,3,4,4,2,1,2,1,1,2,1,2,1965,2,2,2,2,2,1,2,3,2,3,3,5,,,2,1,3
7,Morgan Village,118720938343.00000000000000,458271005.0000000000,2:33:55 PM,3:22:28 PM,172.56.223.10,1,1,8,1,2,2,2,2,2,2,2,2,2,4,4,3,9,3,2,2,4,1,1,4,1,,1,1,4,1,5,2,2,2,1,9,2,1988,2,1,2,1,2,1,1,1,3,2,2,0,,,,2,2
7,Morgan Village,118720928256.00000000000000,458271005.0000000000,2:46:02 PM,3:02:09 PM,172.56.216.77,1,1,8,1,2,2,2,2,1,1,3,2,2,3,3,4,1,2,4,4,4,2,1,4,1,,1,2,4,2,4,1,9,2,1,1,2,1966,1,1,2,1,1,1,1,4,5,5,1,5,,,2,2,2
7,Morgan Village,118720951033.00000000000000,458271005.0000000000,2:51:13 PM,4:00:02 PM,172.56.218.184,1,1,5,2,4,2,3,3,2,3,2,2,2,3,3,2,1,2,1,5,3,1,2,4,1,,2,3,5,2,1,1,1,1,2,1,1,1992,1,2,1,1,2,1,2,4,2,3,2,5,,,1,2,3
7,Morgan Village,118720937270.00000000000000,458271005.0000000000,3:02:11 PM,3:17:34 PM,172.56.217.97,1,1,8,2,3,2,2,2,2,2,3,2,3,2,4,2,3,3,2,2,4,1,1,4,1,,1,2,4,2,8,1,1,1,1,1,2,2003,2,1,1,2,2,1,2,3,3,3,9,9,,,,2,3
7,Morgan Village,118720943674.00000000000000,458271005.0000000000,3:14:46 PM,3:41:56 PM,172.56.220.234,1,1,4,1,4,1,1,1,1,1,1,1,1,3,1,2,1,3,1,5,3,2,2,6,1,,3,4,5,2,4,2,1,1,9,2,1,1950,4,2,1,2,2,1,4,3,5,3,4,2,1,2,,2,3
7,Morgan Village,118720943429.00000000000000,458271005.0000000000,3:24:51 PM,4:15:22 PM,172.56.29.157,1,1,7,2,4,5,5,3,5,5,5,5,1,2,2,1,1,2,4,2,4,2,1,5,1,,3,2,3,2,4,2,1,1,2,1,1,1966,1,1,1,1,1,1,5,4,5,3,4,1,2,1,,1,3
7,Morgan Village,118720942861.00000000000000,458271005.0000000000,3:26:19 PM,3:38:03 PM,172.56.216.55,1,1,4,2,4,3,3,3,3,4,3,3,3,,2,2,1,2,4,4,5,2,4,5,2,5,9,,5,2,5,2,1,1,1,1,1,1975,1,1,1,1,1,1,1,1,4,3,4,5,,,2,2,4
7,Morgan Village,118720944618.00000000000000,458271005.0000000000,3:29:16 PM,3:33:52 PM,172.56.222.100,1,1,3,1,2,2,2,2,2,2,2,2,2,2,2,2,2,2,2,2,2,2,4,6,1,,1,3,3,1,4,1,1,1,1,1,1,1965,1,2,2,2,2,1,1,1,3,3,4,1,1,1,,1,6
7,Morgan Village,118720944806.00000000000000,458271005.0000000000,3:32:14 PM,4:03:51 PM,172.56.216.63,1,1,7,1,4,3,5,4,4,4,3,3,2,1,9,9,1,1,4,3,1,2,2,5,1,,2,2,4,2,4,1,1,1,9,1,2,1959,1,2,2,1,2,1,2,3,4,4,9,4,,,,2,2
7,Morgan Village,118720945516.00000000000000,458271005.0000000000,3:33:53 PM,3:36:33 PM,172.56.222.100,1,1,4,2,3,3,2,5,3,3,3,3,3,2,2,2,2,2,3,3,3,1,1,3,1,,1,2,2,1,4,2,2,2,2,1,1,1965,2,2,2,2,2,1,1,1,2,3,3,4,,,,2,5
7,Morgan Village,118720946718.00000000000000,458271005.0000000000,3:37:58 PM,3:40:19 PM,172.56.222.100,1,1,4,2,2,3,3,3,3,3,3,3,3,4,4,4,4,4,4,4,4,1,2,2,2,8,2,3,3,1,4,1,1,1,1,1,2,1965,2,2,2,2,2,1,1,2,3,3,4,4,,,,2,5
7,Morgan Village,118720947475.00000000000000,458271005.0000000000,3:39:53 PM,3:44:52 PM,172.56.216.7,1,1,5,2,2,3,3,3,3,3,3,3,3,2,2,2,2,2,3,3,2,2,2,4,2,3,2,2,4,1,1,1,1,1,1,1,1,1962,1,1,1,1,2,1,1,2,5,2,3,5,,,2,2,2
7,Morgan Village,118720948047.00000000000000,458271005.0000000000,3:40:20 PM,3:44:14 PM,172.56.222.100,1,1,6,1,3,3,3,3,3,3,3,3,3,3,3,3,3,3,3,3,3,1,3,4,1,,1,3,3,1,1,2,2,2,2,1,1,1967,1,2,2,2,2,1,1,2,2,3,4,3,1,1,,2,5
8,Whitman Park,114721604976.00000000000000,433354225.0000000000,12:14:38 PM,2:38:18 PM,172.56.217.173,1,1,2,2,3,4,4,4,4,5,2,5,4,5,3,4,2,9,2,2,4,1,3,5,1,,2,2,4,2,3,1,1,1,1,1,1,1995,1,2,1,2,1,1,1,5,2,1,4,5,,,1,2,1
8,Whitman Park,114721596858.00000000000000,433354225.0000000000,12:15:57 PM,2:13:15 PM,172.56.217.115,1,1,7,1,3,4,4,2,2,2,2,2,2,5,3,4,0,2,4,4,4,1,1,6,1,,3,2,4,2,5,2,1,1,2,1,2,1962,2,1,2,2,1,2,,3,4,3,9,5,,,2,1,1
8,Whitman Park,114721600578.00000000000000,433354225.0000000000,12:16:10 PM,2:26:29 PM,172.56.220.10,1,1,3,2,3,3,5,2,2,,2,1,,2,4,9,2,9,3,5,5,1,2,3,1,,1,9,4,2,8,9,1,1,2,1,2,2005,1,2,2,2,2,1,1,2,2,3,2,5,,,1,2,3
8,Whitman Park,114721600715.00000000000000,433354225.0000000000,12:19:33 PM,2:18:08 PM,172.56.222.82,1,1,2,2,2,3,3,3,3,3,3,3,3,3,3,3,3,3,3,3,3,1,2,4,1,,1,3,3,1,4,1,1,1,1,1,2,1973,1,2,2,2,2,1,1,1,2,1,4,1,1,1,,2,6
8,Whitman Park,114721595205.00000000000000,433354225.0000000000,12:20:33 PM,2:06:46 PM,172.56.223.167,1,1,8,1,3,2,2,2,1,1,2,2,2,3,4,3,3,3,2,4,4,2,1,1,1,,1,1,5,1,3,2,9,1,2,1,2,1944,1,2,2,2,2,1,2,3,5,4,2,4,,,,2,2
8,Whitman Park,114721596311.00000000000000,433354225.0000000000,12:20:58 PM,2:08:07 PM,172.56.216.181,1,1,7,1,4,4,4,2,2,4,2,2,2,1,2,2,2,3,2,4,4,1,2,6,1,,2,2,3,2,5,1,1,1,1,1,2,1993,1,2,1,1,2,1,1,4,3,3,2,1,1,1,,2,3
8,Whitman Park,114721595908.00000000000000,433354225.0000000000,12:24:56 PM,2:15:30 PM,172.56.219.192,1,1,5,1,4,2,2,2,2,2,2,2,2,3,3,2,2,2,5,2,2,2,2,5,1,,2,3,3,1,8,1,1,1,1,1,2,1978,2,2,2,2,2,1,1,3,5,2,3,1,1,1,,2,3
8,Whitman Park,114721598455.00000000000000,433354225.0000000000,2:07:50 PM,2:14:41 PM,172.56.219.73,1,1,6,1,3,5,5,3,2,4,4,4,5,3,1,1,1,2,5,1,2,2,1,6,1,,2,1,5,2,7,1,1,1,1,1,2,1962,1,1,2,1,2,1,4,3,5,4,4,4,,,,2,4
8,Whitman Park,114721598577.00000000000000,433354225.0000000000,2:08:10 PM,2:13:51 PM,172.56.216.243,1,1,1,2,4,3,5,5,5,5,4,5,3,2,2,2,2,4,2,2,5,1,1,6,1,,1,3,5,9,4,,,,2,1,2,1991,1,1,2,1,2,1,1,2,2,3,3,1,1,2,,2,5
8,Whitman Park,114721604057.00000000000000,433354225.0000000000,2:13:17 PM,2:50:32 PM,172.56.216.49,1,1,8,2,3,2,3,1,3,1,3,1,2,1,5,3,1,5,1,4,5,2,2,5,1,,1,2,5,2,8,1,2,1,2,1,1,1992,6,2,2,2,2,1,2,3,3,1,9,1,2,9,,2,3
8,Whitman Park,114721601378.00000000000000,433354225.0000000000,2:14:43 PM,2:24:59 PM,172.56.218.155,1,1,8,1,2,3,3,1,1,1,4,2,1,4,4,9,5,4,1,4,2,2,2,3,1,,1,4,5,2,3,2,2,1,2,1,2,1953,1,2,2,2,2,1,4,1,3,4,4,4,,,,1,3
8,Whitman Park,114721602552.00000000000000,433354225.0000000000,2:18:17 PM,2:22:31 PM,172.56.222.220,1,1,4,1,2,2,2,2,2,2,2,2,2,3,3,3,3,3,3,3,3,1,4,5,1,,1,3,3,1,4,1,1,1,1,1,2,1975,1,2,2,2,2,1,1,1,2,2,4,1,1,1,,2,5
8,Whitman Park,114721602868.00000000000000,433354225.0000000000,2:21:03 PM,2:32:13 PM,172.56.217.15,1,1,6,1,4,4,2,5,4,5,5,5,3,9,4,2,4,9,4,5,4,2,2,5,1,,1,3,5,2,7,9,1,1,2,1,2,1996,2,2,1,1,2,1,4,2,2,3,3,5,,,1,2,4
8,Whitman Park,114721603844.00000000000000,433354225.0000000000,2:22:33 PM,2:36:07 PM,172.56.222.80,1,1,8,2,3,5,5,3,4,5,5,4,3,2,3,2,2,2,3,3,5,1,1,5,1,,3,1,5,9,4,0,0,0,0,1,2,1985,1,2,2,2,2,1,1,5,3,3,1,5,,,1,2,6
8,Whitman Park,114721604524.00000000000000,433354225.0000000000,2:25:00 PM,2:32:32 PM,172.56.219.71,1,1,8,1,2,3,2,1,1,3,1,1,1,3,5,9,5,4,3,5,2,2,2,3,1,,1,2,5,2,4,9,9,2,9,1,2,1974,1,2,2,2,2,1,4,3,2,4,4,1,1,1,,1,3
8,Whitman Park,114721604771.00000000000000,433354225.0000000000,2:26:22 PM,2:44:43 PM,172.56.219.58,1,1,7,2,4,3,3,2,3,3,3,3,3,9,9,9,9,9,4,4,4,2,2,4,1,,2,1,1,1,4,1,1,1,1,1,2,1965,1,2,2,2,2,1,1,3,2,3,4,1,2,2,,2,4
8,Whitman Park,114721606083.00000000000000,433354225.0000000000,2:26:31 PM,2:40:18 PM,172.56.221.212,1,1,6,2,3,3,5,2,5,4,1,3,3,2,3,3,1,5,2,5,2,1,2,4,1,,3,2,3,2,7,1,2,2,1,1,2,1999,1,2,2,2,2,1,2,4,3,3,3,5,,,1,2,3
8,Whitman Park,114721607625.00000000000000,433354225.0000000000,2:32:34 PM,2:43:53 PM,172.56.218.5,1,1,8,2,2,2,3,2,2,2,2,2,2,3,2,9,4,9,5,4,1,2,2,3,1,,1,4,5,2,4,1,1,1,1,1,1,1952,1,2,2,2,2,1,2,3,3,1,5,4,,,,1,4
8,Whitman Park,114721614783.00000000000000,433354225.0000000000,2:36:43 PM,3:03:34 PM,172.56.223.6,1,1,3,2,3,5,3,2,3,5,5,3,3,2,3,9,2,9,5,5,4,2,2,4,1,,2,9,9,9,1,9,9,9,9,1,2,1994,1,1,1,1,1,1,2,9,3,4,2,5,,,1,2,3
8,Whitman Park,114721619823.00000000000000,433354225.0000000000,2:40:20 PM,3:25:41 PM,172.56.220.38,1,1,8,1,4,,5,5,3,5,5,1,1,2,4,2,2,9,4,5,5,2,2,4,1,,2,5,5,2,5,1,1,1,1,1,1,1993,1,2,2,2,2,1,1,2,3,5,3,2,2,1,,9,5
8,Whitman Park,114721621467.00000000000000,433354225.0000000000,2:43:54 PM,3:21:55 PM,172.56.219.9,1,1,6,1,3,3,3,3,3,3,3,3,3,3,3,1,2,3,4,2,1,2,2,6,1,,2,3,4,1,5,1,9,1,9,1,1,1998,1,1,1,2,2,1,1,5,1,4,1,2,1,1,,2,3
8,Whitman Park,114721612520.00000000000000,433354225.0000000000,2:49:02 PM,3:02:33 PM,172.56.219.172,1,1,7,1,2,2,2,2,2,2,2,2,2,2,2,2,2,2,3,3,3,1,2,6,1,,,2,2,1,7,2,2,2,2,1,2,1953,2,,2,2,2,1,1,3,3,3,4,,9,,,2,4
8,Whitman Park,114721620643.00000000000000,433354225.0000000000,3:03:36 PM,3:16:43 PM,172.56.222.192,1,1,7,1,2,3,3,3,3,3,3,3,3,3,3,3,3,3,3,3,3,1,2,4,1,,3,2,2,1,8,1,1,1,1,1,2,1974,2,2,2,2,1,2,,3,2,2,5,5,,,2,2,7
8,Whitman Park,114721621412.00000000000000,433354225.0000000000,3:15:15 PM,3:25:10 PM,172.56.217.199,1,1,8,1,3,2,4,1,2,4,1,2,2,1,3,4,5,1,2,1,5,1,1,6,1,,2,4,4,2,4,1,2,2,2,1,2,1982,1,2,2,2,1,1,1,3,5,5,1,5,,,1,2,1
8,Whitman Park,114721622842.00000000000000,433354225.0000000000,3:16:45 PM,3:21:41 PM,172.56.223.10,1,1,3,1,2,2,2,2,2,2,2,2,2,3,3,3,3,3,3,3,3,1,2,3,1,,1,3,3,1,8,1,1,1,1,1,2,1963,1,2,2,2,2,1,1,2,3,3,4,1,2,1,,1,5
8,Whitman Park,114721622465.00000000000000,433354225.0000000000,3:18:20 PM,3:30:07 PM,172.56.218.224,1,1,8,1,3,3,3,3,3,3,3,3,3,2,2,2,2,2,4,4,4,2,2,9,2,,2,3,3,1,8,1,1,1,1,1,1,1976,1,2,2,2,2,1,1,3,3,3,4,1,1,1,,2,3
8,Whitman Park,114721637406.00000000000000,433354225.0000000000,3:30:25 PM,4:12:15 PM,172.56.219.208,1,1,5,1,4,3,3,3,3,3,3,3,3,2,2,2,2,2,3,3,3,2,2,4,1,,2,2,2,1,8,1,1,1,1,1,2,1958,1,2,2,2,2,1,1,3,3,3,3,1,1,2,,2,3
8,Whitman Park,114727046700.00000000000000,433452917.0000000000,1:26:31 PM,1:39:13 PM,172.56.222.82,1,,4,1,1,1,1,1,,3,1,1,1,4,3,9,1,5,3,5,1,2,1,4,1,,2,5,5,2,3,1,1,1,2,1,2,1952,1,2,2,2,2,1,5,1,2,2,4,4,,,,1,2
8,Whitman Park,114727083657.00000000000000,433452917.0000000000,1:39:17 PM,3:21:28 PM,172.56.223.194,1,1,5,1,1,2,2,2,2,2,2,2,2,4,4,4,4,4,2,3,4,1,2,4,1,,1,1,2,1,3,1,2,1,1,1,2,1960,1,1,1,2,2,1,1,1,1,2,4,4,,,,1,3
8,Whitman Park,114727088417.00000000000000,433452917.0000000000,3:23:24 PM,3:35:46 PM,172.56.222.28,1,1,3,1,1,1,1,2,2,,2,2,1,4,3,2,3,1,1,2,3,1,2,4,1,,1,2,1,1,1,2,2,2,2,1,2,1969,1,2,2,1,2,1,1,1,1,1,2,4,,,,1,3
9,Whitman Park,118726328519.00000000000000,458367677.0000000000,12:04:19 PM,1:59:42 PM,172.56.222.217,1,1,2,2,2,2,2,2,2,4,2,2,2,3,4,4,2,3,2,4,3,2,3,5,2,2,1,4,4,1,3,9,1,9,2,1,1,2004,1,9,2,2,2,1,1,4,2,3,2,1,1,2,,2,3
9,Whitman Park,118726328747.00000000000000,458367677.0000000000,12:06:25 PM,2:01:33 PM,172.56.221.162,1,1,8,1,3,3,3,3,3,3,3,3,3,4,3,4,2,2,2,2,9,1,1,4,2,0,1,2,4,1,5,1,1,1,1,1,1,2005,1,2,2,2,2,1,1,3,3,3,3,,1,2,,2,2
9,Whitman Park,118726325814.00000000000000,458367677.0000000000,12:06:57 PM,1:46:25 PM,172.56.29.56,1,1,6,1,1,1,3,1,1,4,1,1,1,1,1,3,1,3,1,4,4,2,2,3,1,,1,3,4,1,7,2,1,1,2,1,2,1972,1,2,1,2,2,1,3,2,1,1,0,1,1,1,,2,7
9,Whitman Park,118726328514.00000000000000,458367677.0000000000,12:07:27 PM,2:01:29 PM,172.56.218.48,1,1,7,1,2,5,5,2,4,2,2,4,1,4,4,4,1,9,4,4,4,2,1,2,1,,1,9,5,2,4,9,9,1,1,1,1,1978,2,2,2,2,2,2,,2,3,3,9,5,,,1,2,3
9,Whitman Park,118726327713.00000000000000,458367677.0000000000,1:47:11 PM,1:50:30 PM,172.56.29.56,1,1,3,1,2,3,3,3,3,3,3,3,3,3,3,3,3,3,3,3,3,2,1,3,1,,1,3,3,1,1,1,1,1,1,1,2,1965,2,2,2,2,2,1,1,1,2,3,5,4,,,,1,6
9,Whitman Park,118726329168.00000000000000,458367677.0000000000,1:50:32 PM,1:57:56 PM,172.56.29.170,1,1,4,1,3,4,4,2,1,5,5,1,2,2,2,2,2,2,3,3,3,1,1,5,1,,1,3,3,1,8,1,1,1,1,1,1,1987,1,2,2,2,2,1,1,2,2,3,5,1,1,1,,2,4
9,Whitman Park,118726328812.00000000000000,458367677.0000000000,1:51:02 PM,1:59:41 PM,172.56.216.130,1,1,5,1,1,2,1,2,2,2,2,2,2,2,2,2,2,2,4,2,4,2,2,6,1,,1,2,4,1,3,2,2,1,1,1,1,2004,1,1,2,1,1,2,,3,3,5,1,5,,,1,2,1
9,Whitman Park,118726332061.00000000000000,458367677.0000000000,1:57:59 PM,2:04:32 PM,172.56.29.148,1,1,3,2,3,2,2,2,2,2,2,2,2,3,3,3,3,3,3,3,3,1,2,2,1,,1,3,3,1,8,2,2,2,2,1,1,1976,1,2,2,2,2,1,1,2,2,3,4,2,1,1,,1,4
9,Whitman Park,118726333701.00000000000000,458367677.0000000000,2:00:33 PM,2:19:12 PM,172.56.217.100,1,1,8,2,3,2,2,2,0,4,2,2,2,3,2,3,1,2,2,4,2,2,2,6,1,,1,2,4,2,3,2,2,1,1,2,1,1960,1,2,1,2,2,1,1,1,1,1,3,1,1,1,,2,3
9,Whitman Park,118726334405.00000000000000,458367677.0000000000,2:01:37 PM,2:47:19 PM,172.56.218.2,1,1,7,1,2,2,2,2,2,2,2,1,2,4,4,4,4,5,2,4,4,2,1,1,1,,1,5,5,2,4,1,1,1,9,1,2,1941,1,2,2,2,2,2,1,2,3,4,3,4,,,,1,2
9,Whitman Park,118726332097.00000000000000,458367677.0000000000,2:02:06 PM,2:20:45 PM,172.56.221.162,1,1,8,1,3,4,4,4,4,4,4,4,4,2,3,4,2,3,3,3,,1,1,6,1,,2,3,3,1,5,1,1,1,1,1,2,1987,5,2,2,2,2,1,1,3,3,3,3,2,1,1,,2,
9,Whitman Park,118726333850.00000000000000,458367677.0000000000,2:04:33 PM,2:10:45 PM,172.56.28.178,1,1,4,1,1,2,2,2,2,2,2,2,2,3,3,3,3,3,3,3,3,1,2,3,1,,1,3,3,1,1,1,1,1,1,1,1,1954,2,2,2,2,2,1,1,2,3,3,4,2,1,1,,1,4
9,Whitman Park,118726336277.00000000000000,458367677.0000000000,2:10:47 PM,2:20:17 PM,172.56.29.102,1,1,5,1,3,3,3,3,3,3,3,3,3,4,4,4,4,4,3,3,3,1,2,3,1,,1,3,3,1,5,1,1,1,1,1,1,2006,1,2,2,2,2,1,1,1,2,3,4,1,1,1,,1,4
9,Whitman Park,118726338047.00000000000000,458367677.0000000000,2:12:55 PM,2:31:41 PM,172.56.223.57,1,1,7,1,5,5,5,1,1,4,5,2,1,1,3,1,3,2,3,1,5,2,3,5,1,,1,1,5,1,5,2,9,1,2,1,2,1983,6,2,1,2,2,1,2,1,3,4,4,1,1,2,,2,5
9,Whitman Park,118726344410.00000000000000,458367677.0000000000,2:19:16 PM,2:58:01 PM,172.56.217.220,1,1,8,1,3,4,4,2,2,4,4,2,2,5,5,5,4,9,1,5,5,2,9,9,2,8,2,2,9,1,7,9,1,9,1,1,1,2006,2,2,2,2,2,1,1,2,1,5,9,1,1,2,,1,5
9,Whitman Park,118726344451.00000000000000,458367677.0000000000,2:20:19 PM,2:49:38 PM,172.56.28.168,1,1,6,1,2,3,3,3,3,3,3,3,3,3,3,3,3,3,2,2,2,1,4,5,1,,1,3,3,1,5,1,1,1,1,1,1,2001,2,2,2,2,2,1,1,3,3,3,4,1,2,1,,1,5
9,Whitman Park,118726342917.00000000000000,458367677.0000000000,2:39:20 PM,2:53:02 PM,172.56.221.68,1,1,8,1,4,3,3,3,3,3,3,3,,2,2,2,2,2,2,2,2,2,1,5,1,,3,4,4,1,5,1,1,1,1,1,1,2004,2,9,1,2,2,1,1,3,3,3,3,1,1,2,,2,3
9,Whitman Park,118726342438.00000000000000,458367677.0000000000,2:39:22 PM,2:49:33 PM,172.56.223.105,1,1,7,9,3,2,3,2,3,3,5,2,2,1,1,3,1,1,5,4,4,1,1,6,2,6,2,1,3,2,1,1,1,1,1,1,2,1977,2,2,1,2,2,2,,2,5,4,1,5,,,2,2,3
9,Whitman Park,118726353386.00000000000000,458367677.0000000000,2:47:23 PM,3:35:44 PM,172.56.218.52,1,1,8,1,3,4,2,1,1,4,2,1,2,3,3,4,2,2,2,4,4,1,2,3,1,,1,1,4,1,4,1,2,1,1,1,2,1990,2,2,1,2,2,1,2,2,5,4,2,1,1,1,,2,4
9,Whitman Park,118726360074.00000000000000,458367677.0000000000,2:51:40 PM,3:26:00 PM,172.56.29.224,1,1,5,1,3,3,3,3,3,3,3,3,3,3,3,3,3,3,3,3,3,1,2,5,1,,1,3,3,1,8,1,1,1,1,1,2,1998,1,2,2,2,2,1,1,1,3,3,5,1,1,1,1,1,5
9,Whitman Park,118726351883.00000000000000,458367677.0000000000,2:58:04 PM,3:13:32 PM,172.56.216.132,1,1,7,1,3,4,3,2,2,4,2,2,2,3,3,3,3,3,4,3,4,1,1,4,9,,3,4,4,2,5,9,1,1,2,1,1,1980,1,2,2,2,2,1,1,3,5,2,2,5,,,1,1,2
9,Whitman Park,118726350270.00000000000000,458367677.0000000000,2:58:30 PM,3:10:02 PM,172.56.222.117,1,1,1,1,3,2,2,2,2,3,3,2,2,3,2,3,3,3,2,5,5,2,2,3,1,,1,2,5,2,5,1,2,1,9,1,1,1985,2,2,2,2,2,1,1,4,3,2,4,1,1,1,,2,3
9,Whitman Park,118726358444.00000000000000,458367677.0000000000,3:14:02 PM,3:38:11 PM,172.56.217.178,1,1,7,1,4,4,4,9,9,4,2,2,2,3,2,3,2,3,4,2,4,1,3,3,1,,1,9,4,2,4,9,9,1,9,1,1,1956,1,2,2,2,2,2,,3,5,1,0,4,,,,2,2
9,Whitman Park,118726358139.00000000000000,458367677.0000000000,3:18:32 PM,3:28:55 PM,172.56.222.201,1,1,7,1,5,4,4,2,2,3,4,3,3,3,3,3,2,3,3,4,4,2,2,3,1,,2,2,5,2,4,9,1,2,1,1,2,1958,1,2,9,2,9,1,2,3,3,3,3,1,1,1,,2,3
9,Whitman Park,118726372310.00000000000000,458367677.0000000000,3:18:48 PM,4:31:59 PM,172.56.221.192,1,1,2,1,2,3,3,3,3,3,3,3,3,,3,3,3,3,5,3,2,,,,,,,,,,,,,,,,,#NULL!,,,,,,,,,,,,,,,,,
9,Whitman Park,118726362079.00000000000000,458367677.0000000000,3:26:01 PM,3:31:23 PM,172.56.29.90,1,1,5,1,2,2,2,2,2,2,2,2,2,3,3,3,3,3,3,3,3,1,3,4,1,,1,3,3,1,4,2,2,2,2,1,2,2003,2,2,2,2,2,1,1,1,3,3,5,2,1,1,,1,4
9,Whitman Park,118726369922.00000000000000,458367677.0000000000,3:31:25 PM,3:56:12 PM,172.56.29.226,1,1,7,1,3,3,3,3,3,3,3,3,3,3,3,3,3,3,3,3,3,1,4,4,1,,1,3,3,1,4,2,2,2,2,1,2,1987,1,9,9,9,9,1,1,1,3,3,2,1,1,1,,2,4
9,Whitman Park,118726366622.00000000000000,458367677.0000000000,3:39:27 PM,3:50:26 PM,172.56.216.58,1,1,6,2,5,4,4,2,2,2,2,2,4,1,1,1,1,1,3,3,1,2,2,6,1,,3,4,4,2,3,1,1,9,1,1,1,2002,1,1,1,1,2,1,2,4,2,3,3,1,1,2,,2,6
9,Whitman Park,118726369636.00000000000000,458367677.0000000000,3:50:48 PM,3:59:47 PM,172.56.223.87,1,1,1,2,4,5,5,4,4,4,2,2,2,3,1,4,3,4,5,4,5,1,1,5,1,,1,9,5,2,4,1,2,1,1,1,2,1993,1,2,2,2,2,1,2,2,3,5,3,1,1,1,,2,2
9,Whitman Park,118726369979.00000000000000,458367677.0000000000,3:51:46 PM,4:02:39 PM,172.56.217.188,1,1,8,1,2,2,2,1,2,1,2,1,2,4,5,5,3,4,1,4,4,1,2,4,1,,1,4,5,1,5,1,2,1,1,1,2,1988,1,2,2,2,2,1,1,3,5,3,1,5,,,1,1,2
10,Imani,118731727334.00000000000000,458462815.0000000000,12:24:32 PM,2:00:49 PM,172.56.223.83,1,1,7,1,3,1,1,1,1,1,3,1,2,4,4,9,1,5,1,,3,2,9,2,1,,1,3,5,2,4,9,9,2,2,1,2,1953,1,2,2,2,2,1,2,2,3,3,3,3,1,1,,1,3
10,Imani,118731723641.00000000000000,458462815.0000000000,12:25:24 PM,1:40:55 PM,172.56.223.13,1,1,6,1,3,2,4,2,2,2,4,2,2,2,4,2,2,4,4,2,2,1,1,6,1,,1,9,4,1,4,2,2,2,2,1,2,1997,1,2,2,2,2,1,2,4,5,3,3,1,1,1,,2,3
10,Imani,118731726230.00000000000000,458462815.0000000000,12:27:30 PM,1:36:17 PM,172.56.220.254,1,1,4,1,1,3,3,3,3,3,3,3,3,3,3,3,3,3,3,3,3,1,2,3,1,,1,3,3,1,4,1,1,1,1,1,1,1964,1,2,2,2,2,1,1,1,1,1,3,1,1,1,,2,6
10,Imani,118731721586.00000000000000,458462815.0000000000,12:28:10 PM,1:23:01 PM,172.56.29.243,1,1,8,,,,,,,,,,,,,,,,,,,,,,,,,,,,,,,,,,,#NULL!,,,,,,,,,,,,,,,,,
10,Imani,118731727434.00000000000000,458462815.0000000000,12:30:44 PM,1:50:14 PM,172.56.29.140,1,1,8,1,4,4,4,1,1,1,3,3,3,2,2,1,1,2,4,5,5,2,1,5,1,,1,3,5,2,3,9,9,9,9,1,1,1997,1,2,9,9,2,1,2,2,2,3,9,1,1,9,,2,3
10,Imani,118731722283.00000000000000,458462815.0000000000,12:33:18 PM,1:27:34 PM,172.56.218.110,1,1,5,1,2,2,2,2,2,2,2,2,,4,4,4,4,4,2,2,2,1,3,4,1,,2,4,4,1,3,2,2,2,2,1,2,2007,1,1,1,1,1,1,1,3,1,4,2,1,1,1,,1,2
10,Imani,118731723763.00000000000000,458462815.0000000000,12:44:19 PM,1:41:11 PM,172.56.216.109,1,1,2,1,2,2,2,2,2,3,2,2,2,3,3,4,3,3,3,4,4,2,3,5,1,,1,5,5,2,3,1,1,1,2,1,2,1989,1,2,2,2,2,1,4,3,2,3,5,5,,,2,1,4
10,Imani,118731723548.00000000000000,458462815.0000000000,1:23:19 PM,1:35:39 PM,172.56.218.200,1,1,3,2,4,3,2,5,2,3,1,2,2,2,1,4,2,2,5,5,4,2,4,6,1,,3,2,5,1,3,1,1,1,0,1,2,1992,1,2,2,2,2,1,4,2,5,4,6,1,2,2,,2,5
10,Imani,118731722279.00000000000000,458462815.0000000000,1:23:44 PM,1:31:13 PM,172.56.28.201,1,1,8,1,3,,2,2,2,2,2,2,2,4,4,4,4,4,4,4,3,2,2,4,1,,1,5,,1,8,1,1,1,1,1,2,1970,2,2,2,2,2,1,5,1,1,0,4,1,1,1,,1,3
10,Imani,118731723859.00000000000000,458462815.0000000000,1:27:39 PM,1:33:33 PM,172.56.218.110,1,1,5,1,3,2,3,2,3,3,2,2,1,3,3,3,4,4,3,4,4,2,2,3,1,,1,3,5,1,3,9,1,1,9,1,1,2005,1,2,2,2,2,1,2,3,2,3,4,1,2,2,,2,2
10,Imani,118731724421.00000000000000,458462815.0000000000,1:28:12 PM,1:45:01 PM,172.56.28.123,1,1,2,2,3,3,3,2,2,5,2,3,5,2,2,4,2,9,1,5,1,2,2,3,2,8,1,9,4,2,3,1,1,1,1,1,2,1999,2,1,1,2,2,1,2,1,3,3,9,2,1,2,,2,4
10,Imani,118731725370.00000000000000,458462815.0000000000,1:31:41 PM,1:41:16 PM,172.56.29.217,1,1,5,2,3,2,9,4,3,4,3,4,3,4,4,3,4,9,2,3,3,1,9,9,1,,1,4,5,9,3,1,9,1,2,9,1,2005,2,2,9,2,2,1,1,2,3,1,9,2,1,2,,9,3
10,Imani,118731726136.00000000000000,458462815.0000000000,1:33:50 PM,1:44:23 PM,172.56.219.16,1,1,3,1,2,0,4,2,9,3,5,2,1,4,5,4,9,4,4,4,4,2,0,5,1,,3,4,4,1,9,2,2,2,2,1,2,2006,1,0,0,0,0,1,1,1,3,3,9,5,,,1,1,7
10,Imani,118731765253.00000000000000,458462815.0000000000,1:35:42 PM,3:42:51 PM,172.56.218.36,1,1,7,9,4,2,2,4,4,9,9,4,2,2,2,9,9,2,4,2,2,2,4,5,1,,1,2,5,2,3,9,9,1,2,1,4,1945,2,2,1,2,2,1,6,1,4,3,9,4,,,,2,1
10,Imani,118731727133.00000000000000,458462815.0000000000,1:36:19 PM,1:38:37 PM,172.56.220.254,1,1,3,2,1,2,2,2,2,2,2,2,2,3,3,3,3,3,3,3,3,1,2,5,1,,1,1,1,1,7,9,9,9,9,1,2,1974,1,1,1,1,1,1,1,1,2,3,4,2,1,1,,2,3
10,Imani,118731728674.00000000000000,458462815.0000000000,1:41:04 PM,1:51:40 PM,172.56.220.126,1,1,8,2,4,3,4,4,5,5,3,4,3,1,2,1,1,1,5,2,3,2,2,3,1,,3,3,3,2,4,9,1,2,2,1,2,1969,1,0,1,2,2,1,2,4,3,3,0,2,1,1,,1,5
10,Imani,118731749446.00000000000000,458462815.0000000000,1:41:44 PM,2:49:54 PM,172.56.29.181,1,1,7,1,1,2,1,1,2,2,1,1,1,3,3,2,2,4,4,5,3,2,1,4,1,,2,4,5,2,1,2,1,1,1,1,1,1992,1,1,1,1,1,1,4,1,5,5,4,1,2,1,,9,3
10,Imani,118731750261.00000000000000,458462815.0000000000,1:41:53 PM,2:56:33 PM,172.56.222.97,1,1,7,1,4,4,2,2,2,2,4,2,2,2,1,2,1,2,5,1,2,1,1,6,1,,3,2,4,1,5,2,1,1,2,1,2,1959,2,1,2,2,2,2,,2,4,5,2,4,,,,2,7
10,Imani,118731729988.00000000000000,458462815.0000000000,1:44:27 PM,2:41:51 PM,172.56.218.154,1,1,7,1,1,1,1,1,1,1,1,1,1,3,3,4,3,4,2,5,4,2,3,4,1,,1,5,5,2,2,1,1,1,1,1,1,1983,1,2,2,2,1,1,3,4,3,2,3,3,2,1,,2,4
10,Imani,118731762759.00000000000000,458462815.0000000000,1:45:21 PM,3:36:18 PM,172.56.29.215,1,1,7,1,3,5,5,3,1,5,5,5,3,1,2,9,3,4,3,3,5,2,1,6,1,,1,4,4,2,3,1,1,1,1,1,2,1949,1,2,2,2,2,1,2,1,2,1,0,3,0,,,2,5
10,Imani,118731752040.00000000000000,458462815.0000000000,2:00:58 PM,3:04:14 PM,172.56.222.193,1,1,8,1,3,1,2,1,1,1,1,2,2,3,3,3,1,4,2,5,5,1,2,3,1,,1,4,5,2,4,1,1,1,1,1,1,1971,4,2,2,2,2,2,,2,3,3,3,5,,,1,2,4
10,Imani,118731763702.00000000000000,458462815.0000000000,3:04:18 PM,4:10:00 PM,172.56.222.229,1,1,4,2,2,1,3,2,2,2,2,2,2,4,4,9,4,5,2,5,1,2,2,5,1,,1,2,5,2,4,1,1,1,1,1,1,1950,2,2,2,2,2,1,1,2,2,3,4,4,,,,2,4
10,Imani,118731765445.00000000000000,458462815.0000000000,3:19:38 PM,3:39:24 PM,172.56.28.61,1,1,4,2,4,3,3,3,3,3,3,3,3,2,3,2,2,2,3,3,5,1,2,5,1,,2,3,3,1,8,1,9,9,9,1,1,1963,1,,2,2,2,1,1,3,3,3,3,4,,,,2,5
11,Bergen Square,118732148899.00000000000000,458466528.0000000000,12:37:33 PM,1:38:00 PM,172.56.219.5,1,1,3,1,3,3,3,3,3,3,3,3,3,3,3,3,3,3,3,3,3,2,3,4,1,,1,2,2,1,1,1,1,1,1,1,1,1964,1,2,2,2,2,1,1,3,1,3,5,1,1,1,,2,6
11,Bergen Square,118732177554.00000000000000,458466528.0000000000,12:38:13 PM,2:49:15 PM,172.56.219.155,1,1,7,1,3,4,2,2,2,2,2,2,2,2,2,2,2,2,5,2,4,2,2,4,1,,3,3,4,2,3,9,9,9,9,1,2,1991,1,2,2,2,2,1,5,3,3,2,0,1,1,1,,2,3
11,Bergen Square,118732148356.00000000000000,458466528.0000000000,12:41:30 PM,1:43:07 PM,172.56.216.25,,1,5,2,4,4,4,4,4,4,4,4,4,2,2,2,2,2,,3,3,1,2,5,1,,2,4,4,1,5,1,1,1,1,1,2,1982,1,1,1,1,1,1,1,2,3,2,3,1,0,,,2,4
11,Bergen Square,118732149098.00000000000000,458466528.0000000000,12:42:04 PM,2:00:26 PM,172.56.216.63,1,1,3,1,2,3,2,1,2,2,3,3,2,3,3,9,2,2,5,4,4,2,1,2,1,,2,4,5,2,3,1,1,2,9,1,1,1954,1,2,2,9,2,1,2,2,2,3,0,1,1,1,,2,3
11,Bergen Square,118732147711.00000000000000,458466528.0000000000,12:42:05 PM,1:40:50 PM,172.56.29.121,1,1,8,1,3,5,5,1,1,5,2,1,1,2,2,3,2,4,4,2,2,2,1,6,1,,3,1,4,2,3,1,2,1,1,1,1,1975,1,1,1,2,2,1,1,0,3,3,2,1,1,1,,2,3
11,Bergen Square,118732148501.00000000000000,458466528.0000000000,12:43:08 PM,1:42:13 PM,172.56.29.235,1,1,4,1,3,3,2,2,2,4,2,2,2,3,3,3,2,2,4,4,4,2,2,3,1,,2,5,5,2,3,1,2,2,9,1,2,1986,5,1,1,1,1,2,,1,5,4,1,5,,,1,2,2
11,Bergen Square,118732151629.00000000000000,458466528.0000000000,12:43:22 PM,1:48:09 PM,172.56.222.173,1,1,7,1,1,2,2,2,2,2,2,2,2,4,4,4,4,4,2,2,2,1,2,2,1,,1,4,4,2,4,2,2,2,2,1,2,1978,1,,,,,,,,,,,,,,,,
11,Bergen Square,118732150190.00000000000000,458466528.0000000000,1:38:02 PM,1:51:14 PM,172.56.218.155,1,1,5,1,2,2,3,2,2,2,2,2,2,4,3,4,3,4,2,3,2,2,2,5,1,,1,3,5,9,5,2,2,2,2,1,1,1981,2,2,2,1,2,2,,2,3,3,4,5,,,1,1,5
11,Bergen Square,118732161184.00000000000000,458466528.0000000000,1:40:53 PM,2:11:53 PM,172.56.28.113,1,1,2,1,4,2,4,2,2,2,3,2,2,3,3,9,3,9,2,2,4,2,1,3,2,0,1,9,4,2,7,1,1,1,9,1,1,1996,1,2,2,2,2,1,1,2,1,2,9,5,,,1,2,5
11,Bergen Square,118732151609.00000000000000,458466528.0000000000,1:42:17 PM,1:54:59 PM,172.56.28.159,1,1,6,1,3,4,2,1,1,4,2,2,1,3,3,2,3,3,4,4,1,2,2,6,1,,1,5,1,2,5,2,2,2,9,1,1,1995,1,1,2,1,1,1,2,3,3,3,3,1,1,2,,2,5
11,Bergen Square,118732152994.00000000000000,458466528.0000000000,1:47:51 PM,1:56:50 PM,172.56.216.59,1,1,5,2,4,3,2,2,3,2,2,3,2,,2,2,2,2,3,3,4,1,2,4,2,1,3,2,2,,8,1,1,1,1,1,1,1947,2,2,1,1,1,1,1,3,4,2,4,4,,,,2,4
11,Bergen Square,118732159592.00000000000000,458466528.0000000000,1:49:09 PM,2:18:48 PM,172.56.222.111,1,1,7,1,1,4,4,5,2,2,3,3,3,2,2,2,3,2,4,4,2,2,2,6,1,,3,2,4,1,8,2,9,1,2,9,2,1967,1,2,1,2,2,1,5,2,1,1,5,1,2,9,,2,4
11,Bergen Square,118732157182.00000000000000,458466528.0000000000,1:55:01 PM,2:04:17 PM,172.56.28.231,,1,8,1,2,2,2,2,2,2,2,2,2,4,4,9,2,4,1,1,4,1,1,4,1,,2,1,4,2,1,1,1,9,1,1,1,1965,1,2,2,2,1,2,,2,4,4,1,5,,,1,1,3
11,Bergen Square,118732157138.00000000000000,458466528.0000000000,1:55:48 PM,2:06:00 PM,172.56.216.52,1,1,7,1,3,5,5,1,2,5,4,1,1,3,1,1,1,3,5,5,1,2,2,3,1,,2,1,5,2,3,2,2,2,2,2,1,1971,1,2,1,2,2,1,5,1,2,5,7,3,1,2,,1,6
11,Bergen Square,118732157627.00000000000000,458466528.0000000000,1:56:24 PM,2:02:37 PM,172.56.219.87,1,1,8,1,4,3,2,1,1,4,2,1,1,2,1,1,1,3,5,3,2,2,1,6,1,,2,2,3,2,4,9,1,1,1,1,1,1990,1,2,1,2,2,1,2,4,3,5,4,1,2,1,,1,4
11,Bergen Square,118732157848.00000000000000,458466528.0000000000,1:56:53 PM,2:05:54 PM,172.56.217.89,1,1,6,1,2,3,3,3,3,3,3,3,3,3,3,3,3,3,3,3,3,2,1,3,1,,3,3,3,1,8,1,1,1,1,1,2,1963,5,9,2,2,2,1,1,3,2,3,4,1,1,1,,9,3
11,Bergen Square,118732164602.00000000000000,458466528.0000000000,2:01:31 PM,2:20:53 PM,172.56.217.199,,1,3,1,3,4,4,2,1,4,3,1,3,3,3,9,2,9,5,4,2,2,3,6,1,,1,9,5,2,8,1,1,1,1,1,2,1991,6,2,1,2,2,1,4,2,2,5,6,1,1,2,,2,4
11,Bergen Square,118732162569.00000000000000,458466528.0000000000,2:02:51 PM,2:09:23 PM,172.56.218.21,1,1,5,1,1,3,3,3,3,3,3,3,3,3,3,3,3,3,3,3,3,1,4,5,1,,1,3,3,1,1,1,1,1,1,1,2,1973,1,2,2,2,2,1,1,1,1,3,3,3,1,1,,2,5
11,Bergen Square,118732163735.00000000000000,458466528.0000000000,2:04:19 PM,2:18:42 PM,172.56.28.45,1,1,7,1,3,5,5,1,1,1,1,1,5,3,3,1,1,1,5,1,1,2,2,3,1,,3,1,1,1,3,2,1,1,2,1,2,1939,1,2,2,2,2,1,4,1,3,4,2,4,,,,2,5
11,Bergen Square,118732171307.00000000000000,458466528.0000000000,2:06:04 PM,2:41:36 PM,172.56.217.148,1,1,7,1,3,2,2,2,2,2,3,2,1,3,4,4,5,2,4,4,4,1,1,6,1,,1,2,2,2,5,2,2,2,2,2,1,1980,2,1,2,2,2,1,2,3,9,3,1,1,1,1,,9,2
11,Bergen Square,118732165102.00000000000000,458466528.0000000000,2:06:17 PM,2:22:22 PM,172.56.216.155,1,1,2,2,2,3,3,3,3,3,3,3,3,2,2,2,2,2,2,2,2,2,3,6,1,,1,3,3,1,5,1,1,1,1,1,1,1982,1,2,2,2,2,1,1,3,3,3,4,1,1,1,,2,5
11,Bergen Square,118732164227.00000000000000,458466528.0000000000,2:08:13 PM,2:17:26 PM,172.56.220.103,1,1,6,2,4,4,4,2,2,4,4,4,4,3,3,9,3,3,4,2,4,2,3,6,1,,1,2,4,1,4,2,2,2,2,2,1,1961,4,2,1,2,2,1,2,2,2,3,6,1,1,2,,2,5
11,Bergen Square,118732177513.00000000000000,458466528.0000000000,2:11:54 PM,2:55:33 PM,172.56.29.187,1,1,8,1,2,2,1,1,1,1,5,1,1,2,2,9,3,9,5,4,5,1,1,2,1,,1,2,5,2,4,2,9,1,2,1,2,1952,1,2,2,2,2,1,1,2,3,3,1,3,1,1,,1,2
11,Bergen Square,118732172766.00000000000000,458466528.0000000000,2:18:51 PM,3:17:32 PM,172.56.29.81,1,1,7,1,3,2,2,2,4,2,2,2,2,3,3,3,2,2,1,1,4,1,1,4,1,,1,5,5,2,1,1,1,1,2,1,1,1978,1,2,2,2,2,2,,3,1,2,2,4,,,,1,2
11,Bergen Square,118732170120.00000000000000,458466528.0000000000,2:21:44 PM,2:36:20 PM,172.56.216.173,1,1,7,1,3,3,3,2,2,3,2,2,2,2,4,3,1,3,5,2,4,1,1,3,1,,1,2,4,2,4,1,1,1,1,1,1,1955,1,2,2,2,2,2,,3,3,3,3,4,,,,2,4
11,Bergen Square,118732175420.00000000000000,458466528.0000000000,2:29:53 PM,2:46:14 PM,172.56.217.95,1,1,1,2,3,3,3,3,3,3,1,4,4,2,2,2,2,2,5,3,4,1,1,4,1,,1,1,3,,3,9,1,2,2,9,1,1968,1,1,1,2,1,1,1,1,1,1,1,5,,,2,1,1
11,Bergen Square,118732179463.00000000000000,458466528.0000000000,2:46:48 PM,3:09:35 PM,172.56.216.151,1,1,3,1,2,2,2,2,2,2,2,2,1,3,5,5,3,9,5,4,2,2,2,3,1,,1,4,5,2,8,1,1,1,1,1,1,1982,1,2,2,2,2,1,2,3,3,3,2,1,1,1,,2,3
11,Bergen Square,118732185402.00000000000000,458466528.0000000000,3:00:35 PM,3:15:07 PM,172.56.216.83,1,1,7,1,3,2,2,2,2,2,2,2,2,4,4,4,4,4,2,3,5,2,2,6,1,,1,4,5,1,3,9,9,9,9,1,2,1988,1,2,2,2,2,1,2,2,3,3,3,1,1,1,,2,4
11,Bergen Square,118732189745.00000000000000,458466528.0000000000,3:11:12 PM,3:19:11 PM,172.56.29.43,1,1,2,1,3,1,2,2,2,5,5,5,4,2,3,3,9,9,5,3,2,2,3,5,1,,1,9,4,1,4,1,1,1,1,1,1,1989,2,2,2,2,2,1,2,3,3,5,4,1,1,1,,2,3
11,Bergen Square,118732191508.00000000000000,458466528.0000000000,3:13:43 PM,3:19:07 PM,172.56.222.235,1,1,8,1,1,2,2,2,2,2,2,2,2,4,4,4,4,4,2,2,2,2,9,6,1,,1,2,2,2,4,2,2,2,2,2,2,1945,2,1,1,1,1,1,1,2,3,2,2,4,,,,2,4
11,Bergen Square,118732190641.00000000000000,458466528.0000000000,3:14:07 PM,3:27:20 PM,172.56.216.6,1,1,8,1,4,4,2,2,2,4,3,2,2,2,4,2,2,3,4,2,4,2,1,6,1,,1,2,0,2,5,1,1,1,1,1,1,1975,1,1,2,1,2,1,1,3,5,3,2,2,1,1,,1,3
11,Bergen Square,118732192829.00000000000000,458466528.0000000000,3:17:34 PM,3:27:28 PM,172.56.29.189,1,1,7,2,4,4,4,4,4,4,4,4,4,1,1,,1,3,4,2,3,,1,3,1,,3,2,4,0,,2,2,,2,,2,1939,1,2,1,1,2,1,5,3,1,3,4,4,,,,1,4
